ratio,ML_min,OSRM_min,km,od_pair,hist_spd,hour,src_lat,src_lng,dst_lat,dst_lng,new_XGB_min,new_RF_min,new_XGB_div_OSRM,new_RF_div_OSRM,new_hist_level,change_XGB_min,change_XGB_pct,change_RF_min,change_RF_pct,still_divergent_XGB,still_divergent_RF
13.9,39.5,2.8,1.39,2_7,3.8,22:00,23.70023,90.41832,23.71078,90.41781,16.2,14.8,5.79,5.29,od_pair_only,-23.3,-59.0,-24.7,-62.5,True,True
10.9,60.6,5.5,4.48,7_3,6.1,05:00,23.71078,90.41781,23.69989,90.45413,23.0,8.8,4.18,1.6,od_pair_only,-37.6,-62.0,-51.8,-85.5,True,False
9.3,14.8,1.6,0.77,7_8,12.5,05:00,23.81496,90.43584,23.81862,90.43961,4.6,3.9,2.87,2.44,od_pair+period,-10.2,-68.9,-10.9,-73.6,True,True
9.2,18.0,2.0,0.86,12_7,8.4,07:00,23.87263,90.39833,23.86806,90.40014,5.8,6.0,2.9,3.0,od_pair+period,-12.2,-67.8,-12.0,-66.7,True,True
9.2,28.2,3.1,1.32,7_2,8.5,22:00,23.70781,90.42369,23.70023,90.41832,11.2,17.1,3.61,5.52,od_pair_only,-17.0,-60.3,-11.1,-39.4,True,True
9.0,59.9,6.6,4.69,12_7,8.4,06:15,23.87653,90.40144,23.86007,90.41888,15.9,8.8,2.41,1.33,od_pair_only,-44.0,-73.5,-51.1,-85.3,True,False
8.7,82.8,9.5,7.56,12_12,12.0,06:00,23.86935,90.38296,23.90994,90.38837,20.0,16.8,2.11,1.77,od_pair_only,-62.8,-75.8,-66.0,-79.7,True,False
8.7,28.9,3.3,2.06,6_7,15.0,22:00,23.79075,90.34871,23.77867,90.35611,18.1,14.0,5.48,4.24,od_pair+period,-10.8,-37.4,-14.9,-51.6,True,True
8.5,40.4,4.8,2.86,3_3,12.9,22:00,23.6847,90.4466,23.69989,90.45413,13.7,10.8,2.85,2.25,od_pair_only,-26.7,-66.1,-29.6,-73.3,True,True
8.5,23.9,2.8,1.22,3_3,12.9,22:00,23.69109,90.44374,23.6847,90.4466,14.9,18.1,5.32,6.46,od_pair_only,-9.0,-37.7,-5.8,-24.3,True,True
8.4,20.2,2.4,1.9,12_7,8.4,06:15,23.87372,90.40077,23.86431,90.39984,6.5,6.0,2.71,2.5,od_pair+period,-13.7,-67.8,-14.2,-70.3,True,True
8.4,26.1,3.1,1.91,7_8,12.5,22:00,23.73864,90.43741,23.74509,90.45095,14.3,11.3,4.61,3.65,period_only,-11.8,-45.2,-14.8,-56.7,True,True
8.3,31.4,3.8,2.31,6_7,15.0,22:00,23.76429,90.34788,23.77115,90.35931,20.0,13.5,5.26,3.55,od_pair+period,-11.4,-36.3,-17.9,-57.0,True,True
8.3,24.4,3.0,1.84,7_6,14.1,22:00,23.75717,90.36114,23.76429,90.34788,20.3,14.0,6.77,4.67,od_pair+period,-4.1,-16.8,-10.4,-42.6,True,True
8.3,33.1,4.0,2.26,6_7,15.0,22:00,23.75482,90.34867,23.75162,90.36289,20.2,13.2,5.05,3.3,od_pair+period,-12.9,-39.0,-19.9,-60.1,True,True
8.2,17.6,2.1,0.85,7_6,10.5,07:00,23.80617,90.35555,23.80558,90.34884,4.7,4.6,2.24,2.19,od_pair_only,-12.9,-73.3,-13.0,-73.9,True,True
8.2,67.0,8.2,7.03,7_3,6.1,04:00,23.72948,90.43144,23.68541,90.44262,53.3,26.5,6.5,3.23,od_pair_only,-13.7,-20.4,-40.5,-60.4,True,True
8.2,17.5,2.1,0.97,12_7,8.4,06:15,23.86935,90.38296,23.86603,90.38873,6.2,5.7,2.95,2.71,od_pair+period,-11.3,-64.6,-11.8,-67.4,True,True
8.2,27.4,3.4,1.43,8_7,15.2,22:00,23.82051,90.4505,23.81698,90.43911,17.8,11.6,5.24,3.41,od_pair+period,-9.6,-35.0,-15.8,-57.7,True,True
8.1,38.5,4.7,2.86,3_3,12.9,22:00,23.69989,90.45413,23.6847,90.4466,14.2,11.9,3.02,2.53,od_pair_only,-24.3,-63.1,-26.6,-69.1,True,True
8.0,31.6,3.9,2.05,6_7,15.0,22:00,23.7613,90.34449,23.7701,90.35028,18.2,12.4,4.67,3.18,od_pair+period,-13.4,-42.4,-19.2,-60.8,True,True
7.9,55.0,6.9,6.22,7_3,6.1,04:00,23.72295,90.4315,23.68541,90.44262,43.7,24.7,6.33,3.58,od_pair_only,-11.3,-20.5,-30.3,-55.1,True,True
7.9,31.3,4.0,2.62,12_12,12.0,06:15,23.87586,90.37954,23.87372,90.40077,9.5,8.9,2.38,2.22,od_pair_only,-21.8,-69.6,-22.4,-71.6,True,True
7.9,11.0,1.4,0.74,7_7,20.4,05:00,23.7371,90.43336,23.73736,90.43919,4.3,3.0,3.07,2.14,od_pair+period,-6.7,-60.9,-8.0,-72.7,True,True
7.8,18.2,2.3,1.49,7_7,16.9,06:15,23.75264,90.35399,23.75966,90.3643,9.6,8.9,4.17,3.87,od_pair_only,-8.6,-47.3,-9.3,-51.1,True,True
7.7,9.4,1.2,0.51,7_7,20.4,05:00,23.73724,90.36962,23.73973,90.37228,3.4,3.0,2.83,2.5,od_pair+period,-6.0,-63.8,-6.4,-68.1,True,True
7.6,60.2,7.9,5.54,7_7,16.9,06:15,23.73912,90.41714,23.77287,90.42806,33.9,29.2,4.29,3.7,od_pair+period,-26.3,-43.7,-31.0,-51.5,True,True
7.6,59.8,7.9,6.05,7_7,16.9,06:15,23.75075,90.36842,23.76235,90.40679,28.1,28.5,3.56,3.61,od_pair+period,-31.7,-53.0,-31.3,-52.3,True,True
7.6,60.1,7.9,5.33,7_7,16.9,06:15,23.75575,90.38268,23.77369,90.4118,29.8,28.8,3.77,3.65,od_pair+period,-30.3,-50.4,-31.3,-52.1,True,True
7.6,23.5,3.1,1.44,8_7,15.2,22:00,23.81236,90.44619,23.81496,90.43584,18.2,8.7,5.87,2.81,od_pair+period,-5.3,-22.6,-14.8,-63.0,True,True
7.5,28.6,3.8,1.69,7_7,16.9,06:15,23.81006,90.36461,23.81705,90.37377,12.5,11.4,3.29,3.0,od_pair_only,-16.1,-56.3,-17.2,-60.1,True,True
7.5,61.3,8.2,4.76,7_7,16.9,06:15,23.72627,90.37663,23.75639,90.38727,35.0,29.6,4.27,3.61,od_pair+period,-26.3,-42.9,-31.7,-51.7,True,True
7.4,13.7,1.9,0.79,8_7,15.2,22:00,23.82348,90.43985,23.82462,90.4352,8.5,7.1,4.47,3.74,od_pair+period,-5.2,-38.0,-6.6,-48.2,True,True
7.3,47.6,6.5,4.13,7_7,16.9,06:15,23.79187,90.37488,23.81943,90.36526,23.1,24.0,3.55,3.69,od_pair_only,-24.5,-51.5,-23.6,-49.6,True,True
7.3,15.7,2.1,1.74,7_7,16.9,06:15,23.79055,90.37561,23.80287,90.36895,12.1,12.4,5.76,5.9,od_pair+period,-3.6,-22.9,-3.3,-21.0,True,True
7.3,11.6,1.6,0.88,7_7,20.4,05:00,23.76535,90.35715,23.77034,90.3583,6.6,5.5,4.12,3.44,od_pair_only,-5.0,-43.1,-6.1,-52.6,True,True
7.2,146.9,20.3,19.18,12_7,8.4,06:00,23.90672,90.41704,23.77431,90.41207,58.1,44.9,2.86,2.21,od_pair_only,-88.8,-60.4,-102.0,-69.4,True,True
7.2,8.5,1.2,0.57,7_7,20.4,05:00,23.74673,90.38579,23.74351,90.38633,3.8,2.9,3.17,2.42,od_pair+period,-4.7,-55.3,-5.6,-65.9,True,True
7.2,9.2,1.3,0.54,7_7,20.4,05:00,23.86592,90.38522,23.86603,90.38873,3.8,3.1,2.92,2.38,od_pair+period,-5.4,-58.7,-6.1,-66.3,True,True
7.2,29.0,4.0,2.16,7_7,16.9,06:15,23.74191,90.38704,23.74661,90.40008,14.1,11.5,3.52,2.88,od_pair+period,-14.9,-51.4,-17.5,-60.3,True,True
7.1,6.9,1.0,0.51,7_7,20.4,04:00,23.75727,90.36155,23.75962,90.36582,7.6,4.8,7.6,4.8,od_pair_only,0.7,10.1,-2.1,-30.4,True,True
7.1,9.6,1.4,0.94,7_7,20.4,05:00,23.78641,90.42561,23.78146,90.4255,4.0,2.8,2.86,2.0,od_pair+period,-5.6,-58.3,-6.8,-70.8,True,True
7.0,46.7,6.6,4.59,7_7,16.9,06:15,23.71713,90.41999,23.74596,90.41295,26.4,24.9,4.0,3.77,od_pair+period,-20.3,-43.5,-21.8,-46.7,True,True
7.0,54.9,7.8,5.29,8_7,15.2,22:00,23.81862,90.43961,23.78984,90.42532,33.0,24.7,4.23,3.17,od_pair+period,-21.9,-39.9,-30.2,-55.0,True,True
7.0,16.3,2.3,0.95,12_12,12.0,06:15,23.86935,90.38296,23.8732,90.38715,5.1,5.4,2.22,2.35,od_pair+period,-11.2,-68.7,-10.9,-66.9,True,True
7.0,8.2,1.2,0.54,7_7,20.4,05:00,23.75984,90.36433,23.75727,90.36155,4.7,4.5,3.92,3.75,od_pair_only,-3.5,-42.7,-3.7,-45.1,True,True
7.0,28.4,4.1,2.46,7_7,16.9,06:15,23.70781,90.42369,23.72295,90.4315,15.9,12.0,3.88,2.93,od_pair_only,-12.5,-44.0,-16.4,-57.7,True,True
7.0,49.4,7.1,4.46,7_7,16.9,06:15,23.75154,90.40646,23.77343,90.42717,30.4,26.5,4.28,3.73,od_pair+period,-19.0,-38.5,-22.9,-46.4,True,True
6.9,9.1,1.3,0.54,7_7,20.4,05:00,23.78088,90.42444,23.78436,90.42257,4.2,2.9,3.23,2.23,od_pair+period,-4.9,-53.8,-6.2,-68.1,True,True
6.9,52.2,7.5,4.33,7_7,16.9,06:15,23.72987,90.36918,23.75681,90.35151,28.0,27.7,3.73,3.69,od_pair_only,-24.2,-46.4,-24.5,-46.9,True,True
6.9,15.2,2.2,1.42,7_8,12.5,22:00,23.76292,90.43194,23.76237,90.44231,12.3,5.8,5.59,2.64,od_pair+period,-2.9,-19.1,-9.4,-61.8,True,True
6.8,18.3,2.7,1.72,7_7,16.9,06:15,23.75727,90.36155,23.74784,90.37111,14.4,11.6,5.33,4.3,od_pair_only,-3.9,-21.3,-6.7,-36.6,True,True
6.8,10.1,1.5,0.71,7_12,7.4,07:30,23.86711,90.38728,23.86935,90.38296,5.1,5.3,3.4,3.53,od_pair+period,-5.0,-49.5,-4.8,-47.5,True,True
6.8,10.8,1.6,0.77,7_7,20.4,05:00,23.76232,90.35908,23.76251,90.3654,6.7,5.5,4.19,3.44,od_pair_only,-4.1,-38.0,-5.3,-49.1,True,True
6.8,8.1,1.2,0.56,8_7,15.2,22:00,23.82348,90.43985,23.82024,90.43836,6.1,5.7,5.08,4.75,od_pair+period,-2.0,-24.7,-2.4,-29.6,True,True
6.7,6.2,0.9,0.54,7_7,19.5,22:00,23.75162,90.36289,23.7471,90.36473,6.7,5.6,7.44,6.22,od_pair+period,0.5,8.1,-0.6,-9.7,True,True
6.7,20.0,3.0,1.86,7_7,19.5,22:00,23.72415,90.39592,23.72516,90.38388,17.9,9.8,5.97,3.27,od_pair+period,-2.1,-10.5,-10.2,-51.0,True,True
6.7,31.6,4.7,2.31,7_7,16.9,06:15,23.7446,90.37271,23.75833,90.37384,12.3,11.6,2.62,2.47,od_pair+period,-19.3,-61.1,-20.0,-63.3,True,True
6.6,9.9,1.5,0.74,7_7,20.4,05:00,23.79672,90.36535,23.79137,90.36568,6.3,5.2,4.2,3.47,od_pair_only,-3.6,-36.4,-4.7,-47.5,True,True
6.6,53.8,8.1,5.58,7_7,16.9,06:15,23.7356,90.41432,23.77228,90.39792,33.1,29.6,4.09,3.65,od_pair+period,-20.7,-38.5,-24.2,-45.0,True,True
6.6,50.7,7.6,4.48,7_7,16.9,06:15,23.81661,90.36705,23.78652,90.36597,20.4,26.4,2.68,3.47,od_pair_only,-30.3,-59.8,-24.3,-47.9,True,True
6.6,9.0,1.4,0.63,7_7,20.4,05:00,23.82666,90.37146,23.82441,90.36743,3.8,3.0,2.71,2.14,od_pair+period,-5.2,-57.8,-6.0,-66.7,True,True
6.6,8.4,1.3,0.68,7_7,20.4,05:00,23.76276,90.42741,23.75876,90.42953,3.5,2.8,2.69,2.15,od_pair+period,-4.9,-58.3,-5.6,-66.7,True,True
6.5,24.9,3.8,1.97,7_7,16.9,06:15,23.74162,90.37615,23.7471,90.36473,10.8,10.8,2.84,2.84,od_pair_only,-14.1,-56.6,-14.1,-56.6,True,True
6.5,22.2,3.4,2.14,7_6,14.1,22:00,23.75892,90.3612,23.74554,90.34954,18.4,13.6,5.41,4.0,od_pair+period,-3.8,-17.1,-8.6,-38.7,True,True
6.5,100.8,15.6,11.36,7_7,16.9,06:00,23.74905,90.38583,23.82911,90.38756,51.6,40.6,3.31,2.6,od_pair+period,-49.2,-48.8,-60.2,-59.7,True,True
6.4,49.8,7.7,5.41,7_7,16.9,06:15,23.7702,90.40846,23.73942,90.41506,26.8,27.6,3.48,3.58,od_pair+period,-23.0,-46.2,-22.2,-44.6,True,True
6.4,27.7,4.3,1.99,7_7,16.9,06:15,23.75005,90.38033,23.76051,90.38545,11.6,10.7,2.7,2.49,od_pair+period,-16.1,-58.1,-17.0,-61.4,True,True
6.4,45.2,7.0,4.57,7_6,10.5,06:15,23.75619,90.36717,23.73543,90.34333,23.8,25.1,3.4,3.59,od_pair_only,-21.4,-47.3,-20.1,-44.5,True,True
6.4,8.3,1.3,0.57,7_7,20.4,05:00,23.78436,90.42257,23.78088,90.42444,3.9,3.2,3.0,2.46,od_pair+period,-4.4,-53.0,-5.1,-61.4,True,True
6.4,19.6,3.1,2.14,12_7,8.4,06:15,23.87263,90.39833,23.86482,90.40383,5.9,6.1,1.9,1.97,od_pair+period,-13.7,-69.9,-13.5,-68.9,False,False
6.4,24.6,3.9,2.28,7_7,16.9,06:15,23.74271,90.41757,23.75242,90.40305,13.4,11.2,3.44,2.87,od_pair+period,-11.2,-45.5,-13.4,-54.5,True,True
6.4,52.6,8.3,6.27,7_7,16.9,06:15,23.71193,90.43448,23.73912,90.41714,37.9,27.2,4.57,3.28,od_pair_only,-14.7,-27.9,-25.4,-48.3,True,True
6.3,125.3,19.7,17.06,8_7,15.2,22:00,23.71613,90.49724,23.77552,90.38841,76.8,62.4,3.9,3.17,period_only,-48.5,-38.7,-62.9,-50.2,True,True
6.3,8.4,1.3,0.69,7_7,20.4,05:00,23.76276,90.42741,23.75869,90.42957,3.5,2.8,2.69,2.15,od_pair+period,-4.9,-58.3,-5.6,-66.7,True,True
6.3,17.3,2.7,1.66,7_7,16.9,06:15,23.74214,90.38299,23.75227,90.37973,10.8,10.5,4.0,3.89,od_pair+period,-6.5,-37.6,-6.8,-39.3,True,True
6.3,23.2,3.7,2.36,7_7,16.9,06:15,23.79187,90.37488,23.80296,90.36349,8.7,10.4,2.35,2.81,od_pair_only,-14.5,-62.5,-12.8,-55.2,True,True
6.3,18.1,2.9,1.33,12_12,12.0,06:15,23.8732,90.38715,23.88093,90.39059,3.8,4.0,1.31,1.38,od_pair_only,-14.3,-79.0,-14.1,-77.9,False,False
6.3,13.1,2.1,0.91,7_8,12.5,22:00,23.76158,90.43876,23.75658,90.44239,7.1,5.2,3.38,2.48,od_pair+period,-6.0,-45.8,-7.9,-60.3,True,True
6.3,20.2,3.2,1.95,7_7,19.5,22:00,23.76051,90.38545,23.75783,90.37351,17.0,11.1,5.31,3.47,od_pair+period,-3.2,-15.8,-9.1,-45.0,True,True
6.2,9.2,1.5,0.78,7_7,20.4,04:00,23.78925,90.36656,23.78305,90.36854,9.7,6.6,6.47,4.4,od_pair_only,0.5,5.4,-2.6,-28.3,True,True
6.1,47.5,7.8,6.12,7_7,16.9,06:15,23.7702,90.40846,23.75005,90.38033,25.4,27.3,3.26,3.5,od_pair+period,-22.1,-46.5,-20.2,-42.5,True,True
6.1,62.7,10.3,7.23,7_7,16.9,06:15,23.71193,90.43448,23.75242,90.40305,46.8,29.0,4.54,2.82,od_pair_only,-15.9,-25.4,-33.7,-53.7,True,True
6.1,51.6,8.5,4.62,6_7,15.0,22:00,23.78307,90.34708,23.81505,90.35919,37.7,31.5,4.44,3.71,od_pair+period,-13.9,-26.9,-20.1,-39.0,True,True
6.1,22.5,3.7,1.74,7_7,16.9,06:15,23.74784,90.37111,23.75628,90.37816,12.2,10.4,3.3,2.81,od_pair+period,-10.3,-45.8,-12.1,-53.8,True,True
6.1,9.4,1.6,0.94,7_7,20.4,05:00,23.74151,90.36043,23.73469,90.3601,6.4,5.1,4.0,3.19,od_pair_only,-3.0,-31.9,-4.3,-45.7,True,True
6.0,82.2,13.6,12.61,7_7,16.9,06:00,23.86431,90.39984,23.78056,90.39884,48.3,40.6,3.55,2.99,od_pair+period,-33.9,-41.2,-41.6,-50.6,True,True
6.0,7.8,1.3,0.55,7_7,20.4,05:00,23.81705,90.37377,23.81337,90.37603,3.8,3.1,2.92,2.38,od_pair+period,-4.0,-51.3,-4.7,-60.3,True,True
6.0,10.7,1.8,0.55,7_7,20.4,05:00,23.8036,90.35763,23.80617,90.35555,4.8,4.6,2.67,2.56,od_pair_only,-5.9,-55.1,-6.1,-57.0,True,True
6.0,41.8,6.9,5.24,7_7,16.9,06:15,23.74873,90.40365,23.71713,90.41999,25.8,25.4,3.74,3.68,od_pair+period,-16.0,-38.3,-16.4,-39.2,True,True
6.0,26.7,4.5,2.23,7_7,16.9,06:15,23.80986,90.36946,23.82632,90.36581,10.2,11.7,2.27,2.6,od_pair_only,-16.5,-61.8,-15.0,-56.2,True,True
5.9,77.4,13.0,10.61,7_7,16.9,06:15,23.74937,90.4015,23.8157,90.36663,37.9,38.7,2.92,2.98,od_pair_only,-39.5,-51.0,-38.7,-50.0,True,True
5.9,15.0,2.5,1.69,7_7,16.9,06:15,23.74801,90.42363,23.73699,90.43016,11.8,11.2,4.72,4.48,od_pair+period,-3.2,-21.3,-3.8,-25.3,True,True
5.9,23.1,3.9,1.73,7_7,16.9,06:15,23.74778,90.42913,23.7371,90.43336,12.1,10.3,3.1,2.64,od_pair+period,-11.0,-47.6,-12.8,-55.4,True,True
5.9,12.6,2.1,1.04,12_12,12.0,06:15,23.90994,90.38837,23.90969,90.39641,6.2,4.1,2.95,1.95,od_pair_only,-6.4,-50.8,-8.5,-67.5,True,False
5.9,45.8,7.8,5.06,7_7,16.9,06:15,23.7702,90.40846,23.74271,90.41757,28.7,25.7,3.68,3.29,od_pair+period,-17.1,-37.3,-20.1,-43.9,True,True
5.9,68.7,11.7,11.78,7_7,16.9,06:00,23.8236,90.43532,23.7585,90.38311,38.8,35.0,3.32,2.99,od_pair+period,-29.9,-43.5,-33.7,-49.1,True,True
5.9,11.3,1.9,0.81,7_7,20.4,05:00,23.77867,90.35611,23.77898,90.36182,7.1,5.8,3.74,3.05,od_pair_only,-4.2,-37.2,-5.5,-48.7,True,True
5.9,49.7,8.5,6.38,8_7,15.2,22:00,23.75907,90.44495,23.73886,90.41149,34.4,24.8,4.05,2.92,od_pair+period,-15.3,-30.8,-24.9,-50.1,True,True
5.8,11.3,1.9,0.74,7_7,20.4,05:00,23.77556,90.40167,23.77938,90.40319,4.9,5.3,2.58,2.79,od_pair+period,-6.4,-56.6,-6.0,-53.1,True,True
5.8,21.9,3.8,1.77,7_7,16.9,06:15,23.82286,90.36409,23.83638,90.36411,9.7,9.5,2.55,2.5,od_pair_only,-12.2,-55.7,-12.4,-56.6,True,True
5.8,42.6,7.3,4.84,7_7,16.9,06:15,23.7796,90.37368,23.75075,90.36842,27.2,26.9,3.73,3.68,od_pair+period,-15.4,-36.2,-15.7,-36.9,True,True
5.8,49.6,8.6,7.07,7_7,16.9,06:15,23.7702,90.40846,23.75984,90.36433,26.6,27.4,3.09,3.19,od_pair_only,-23.0,-46.4,-22.2,-44.8,True,True
5.8,8.6,1.5,0.6,7_7,20.4,05:00,23.80045,90.37569,23.79832,90.37257,4.4,3.7,2.93,2.47,od_pair+period,-4.2,-48.8,-4.9,-57.0,True,True
5.8,40.6,7.0,4.56,7_7,16.9,06:15,23.77005,90.39889,23.74388,90.41008,18.2,20.5,2.6,2.93,od_pair+period,-22.4,-55.2,-20.1,-49.5,True,True
5.7,10.2,1.8,0.78,7_7,20.4,05:00,23.79462,90.38556,23.79351,90.37954,5.4,4.6,3.0,2.56,od_pair+period,-4.8,-47.1,-5.6,-54.9,True,True
5.7,47.2,8.2,7.71,7_7,16.9,06:15,23.79267,90.40298,23.75619,90.36717,23.9,24.5,2.91,2.99,od_pair+period,-23.3,-49.4,-22.7,-48.1,True,True
5.7,8.0,1.4,0.89,7_7,20.4,05:00,23.78153,90.35198,23.77871,90.35994,7.5,6.4,5.36,4.57,od_pair_only,-0.5,-6.2,-1.6,-20.0,True,True
5.7,46.0,8.1,5.96,7_7,16.9,06:15,23.75242,90.40305,23.71078,90.41781,48.2,28.9,5.95,3.57,od_pair_only,2.2,4.8,-17.1,-37.2,True,True
5.7,51.6,9.1,5.21,7_7,16.9,06:15,23.77287,90.42806,23.74169,90.43104,31.0,28.2,3.41,3.1,od_pair+period,-20.6,-39.9,-23.4,-45.3,True,True
5.7,24.0,4.2,2.5,7_7,16.9,06:15,23.7702,90.40846,23.78004,90.41384,11.0,10.2,2.62,2.43,od_pair+period,-13.0,-54.2,-13.8,-57.5,True,True
5.7,26.0,4.6,2.53,7_7,16.9,06:15,23.8069,90.35623,23.80002,90.37181,13.8,11.9,3.0,2.59,od_pair_only,-12.2,-46.9,-14.1,-54.2,True,True
5.7,46.8,8.3,6.92,7_7,16.9,06:15,23.7702,90.40846,23.75222,90.37106,31.8,28.3,3.83,3.41,od_pair+period,-15.0,-32.1,-18.5,-39.5,True,True
5.6,10.3,1.8,0.8,7_7,20.4,05:00,23.79049,90.36423,23.7921,90.35869,6.8,6.3,3.78,3.5,od_pair_only,-3.5,-34.0,-4.0,-38.8,True,True
5.6,74.9,13.3,14.12,8_7,15.2,22:00,23.82051,90.4505,23.7585,90.38311,55.1,35.5,4.14,2.67,od_pair+period,-19.8,-26.4,-39.4,-52.6,True,True
5.6,23.4,4.2,1.99,7_7,16.9,06:15,23.79369,90.36075,23.7824,90.36864,12.6,11.7,3.0,2.79,od_pair_only,-10.8,-46.2,-11.7,-50.0,True,True
5.6,24.3,4.3,2.18,7_7,16.9,06:15,23.72295,90.4315,23.71555,90.41772,13.3,11.7,3.09,2.72,od_pair+period,-11.0,-45.3,-12.6,-51.9,True,True
5.6,56.4,10.1,6.95,7_7,16.9,06:15,23.71289,90.43781,23.74512,90.4178,34.5,28.6,3.42,2.83,od_pair+period,-21.9,-38.8,-27.8,-49.3,True,True
5.6,52.3,9.3,5.76,6_7,15.0,22:00,23.78346,90.34385,23.81337,90.37603,51.6,31.5,5.55,3.39,od_pair+period,-0.7,-1.3,-20.8,-39.8,True,True
5.6,94.1,16.9,14.35,6_7,15.0,22:00,23.79939,90.28045,23.79462,90.38556,75.7,46.2,4.48,2.73,period_only,-18.4,-19.6,-47.9,-50.9,True,True
5.6,29.6,5.3,2.74,7_7,16.9,06:15,23.76867,90.35731,23.78216,90.36729,14.0,12.4,2.64,2.34,od_pair_only,-15.6,-52.7,-17.2,-58.1,True,True
5.6,101.7,18.3,13.27,12_7,8.4,06:00,23.88132,90.38845,23.78424,90.42963,50.7,38.3,2.77,2.09,od_pair_only,-51.0,-50.1,-63.4,-62.3,True,True
5.6,37.2,6.7,5.29,7_7,16.9,06:15,23.86639,90.40142,23.83018,90.42156,28.4,28.5,4.24,4.25,od_pair+period,-8.8,-23.7,-8.7,-23.4,True,True
5.5,24.3,4.4,2.37,7_7,16.9,06:15,23.76371,90.38374,23.77131,90.39199,9.9,10.0,2.25,2.27,od_pair+period,-14.4,-59.3,-14.3,-58.8,True,True
5.5,24.5,4.4,2.9,7_7,16.9,06:15,23.71555,90.41772,23.72846,90.42407,12.9,11.3,2.93,2.57,od_pair+period,-11.6,-47.3,-13.2,-53.9,True,True
5.5,108.6,19.7,17.31,12_7,8.4,06:00,23.87586,90.37954,23.77431,90.41207,55.0,39.5,2.79,2.01,od_pair_only,-53.6,-49.4,-69.1,-63.6,True,True
5.5,40.9,7.4,4.14,7_7,16.9,06:15,23.83887,90.36715,23.81417,90.353,13.1,16.0,1.77,2.16,od_pair_only,-27.8,-68.0,-24.9,-60.9,False,True
5.5,48.6,8.9,7.22,7_7,16.9,06:15,23.7702,90.40846,23.75619,90.36717,30.7,27.9,3.45,3.13,od_pair+period,-17.9,-36.8,-20.7,-42.6,True,True
5.5,106.8,19.5,13.51,7_7,16.9,06:15,23.75876,90.42953,23.83021,90.38717,51.9,45.9,2.66,2.35,od_pair+period,-54.9,-51.4,-60.9,-57.0,True,True
5.5,13.7,2.5,1.17,7_12,7.4,06:15,23.86537,90.38986,23.86935,90.38296,5.3,5.3,2.12,2.12,od_pair+period,-8.4,-61.3,-8.4,-61.3,True,True
5.4,38.4,7.0,5.26,7_7,16.9,06:15,23.76694,90.40927,23.74386,90.39186,16.6,19.6,2.37,2.8,od_pair+period,-21.8,-56.8,-18.8,-49.0,True,True
5.4,10.5,1.9,1.46,7_7,19.5,22:00,23.74386,90.39186,23.75167,90.3856,10.4,4.4,5.47,2.32,od_pair+period,-0.1,-1.0,-6.1,-58.1,True,True
5.4,72.4,13.4,9.92,7_7,16.9,06:00,23.77431,90.41207,23.83145,90.41726,36.0,28.1,2.69,2.1,od_pair+period,-36.4,-50.3,-44.3,-61.2,True,True
5.4,48.3,8.9,6.84,7_7,16.9,06:15,23.7702,90.40846,23.75919,90.3716,31.1,28.2,3.49,3.17,od_pair+period,-17.2,-35.6,-20.1,-41.6,True,True
5.4,89.1,16.5,17.37,7_12,7.4,06:15,23.7702,90.40846,23.87653,90.40144,32.7,40.1,1.98,2.43,od_pair_only,-56.4,-63.3,-49.0,-55.0,False,True
5.4,133.4,24.7,22.31,6_7,15.0,22:00,23.75325,90.34262,23.86592,90.38522,112.7,102.7,4.56,4.16,od_pair+period,-20.7,-15.5,-30.7,-23.0,True,True
5.4,33.0,6.2,3.61,7_12,7.4,06:15,23.86482,90.40383,23.86935,90.38296,13.8,11.9,2.23,1.92,od_pair+period,-19.2,-58.2,-21.1,-63.9,True,False
5.4,63.5,11.8,8.02,7_7,16.9,06:15,23.7922,90.40874,23.84721,90.41896,32.7,29.3,2.77,2.48,od_pair+period,-30.8,-48.5,-34.2,-53.9,True,True
5.3,38.1,7.2,4.08,7_7,16.9,06:15,23.8363,90.4187,23.81026,90.43128,26.9,25.6,3.74,3.56,od_pair+period,-11.2,-29.4,-12.5,-32.8,True,True
5.3,14.2,2.7,1.26,7_6,10.5,07:00,23.75466,90.35212,23.75482,90.34867,3.7,4.6,1.37,1.7,od_pair_only,-10.5,-73.9,-9.6,-67.6,False,False
5.3,19.5,3.7,1.65,7_7,16.9,06:15,23.81698,90.43911,23.8111,90.42845,14.7,11.1,3.97,3.0,od_pair+period,-4.8,-24.6,-8.4,-43.1,True,True
5.3,49.2,9.3,6.39,7_7,16.9,06:15,23.7702,90.40846,23.7356,90.41432,31.1,28.2,3.34,3.03,od_pair+period,-18.1,-36.8,-21.0,-42.7,True,True
5.3,8.8,1.7,0.94,7_7,20.4,05:00,23.74596,90.37569,23.74162,90.37615,4.1,3.6,2.41,2.12,od_pair+period,-4.7,-53.4,-5.2,-59.1,True,True
5.3,99.7,18.9,13.41,7_7,16.9,06:00,23.83579,90.37281,23.76572,90.41464,59.8,48.7,3.16,2.58,od_pair+period,-39.9,-40.0,-51.0,-51.2,True,True
5.3,9.6,1.8,0.75,7_7,20.4,05:00,23.8111,90.42845,23.81411,90.42856,3.3,3.5,1.83,1.94,od_pair+period,-6.3,-65.6,-6.1,-63.5,False,False
5.3,95.7,18.2,18.09,7_12,7.4,06:15,23.7702,90.40846,23.86935,90.38296,54.0,50.4,2.97,2.77,od_pair+period,-41.7,-43.6,-45.3,-47.3,True,True
5.2,82.7,15.8,16.82,7_12,7.4,06:15,23.7702,90.40846,23.87263,90.39833,52.8,43.2,3.34,2.73,od_pair+period,-29.9,-36.2,-39.5,-47.8,True,True
5.2,27.3,5.2,2.93,7_7,16.9,06:15,23.72331,90.39012,23.74191,90.38704,13.7,11.9,2.63,2.29,od_pair+period,-13.6,-49.8,-15.4,-56.4,True,True
5.2,25.4,4.9,2.83,7_7,16.9,06:15,23.73813,90.41447,23.75684,90.41244,13.3,11.8,2.71,2.41,od_pair+period,-12.1,-47.6,-13.6,-53.5,True,True
5.2,48.5,9.3,4.73,7_7,16.9,06:15,23.86603,90.38873,23.85645,90.35595,28.1,27.5,3.02,2.96,od_pair_only,-20.4,-42.1,-21.0,-43.3,True,True
5.2,134.0,25.9,18.74,7_7,16.9,06:15,23.76508,90.41621,23.85823,90.35106,65.9,60.8,2.54,2.35,od_pair_only,-68.1,-50.8,-73.2,-54.6,True,True
5.2,63.4,12.2,9.6,8_7,15.2,22:00,23.82348,90.43985,23.82433,90.36874,43.7,28.9,3.58,2.37,od_pair+period,-19.7,-31.1,-34.5,-54.4,True,True
5.2,24.6,4.8,2.41,7_7,16.9,06:15,23.74351,90.38633,23.73724,90.36962,12.5,11.4,2.6,2.38,od_pair+period,-12.1,-49.2,-13.2,-53.7,True,True
5.1,18.2,3.5,2.64,7_7,16.9,06:15,23.75536,90.38798,23.75783,90.37351,12.5,11.1,3.57,3.17,od_pair+period,-5.7,-31.3,-7.1,-39.0,True,True
5.1,6.5,1.3,0.55,7_7,20.4,05:00,23.78175,90.36623,23.78126,90.36777,4.6,3.3,3.54,2.54,od_pair_only,-1.9,-29.2,-3.2,-49.2,True,True
5.1,74.1,14.4,13.52,7_12,7.4,06:15,23.7922,90.40874,23.87925,90.38734,26.4,35.9,1.83,2.49,od_pair_only,-47.7,-64.4,-38.2,-51.6,False,True
5.1,40.7,7.9,6.06,7_7,16.9,06:15,23.7702,90.40846,23.74905,90.38583,24.6,27.3,3.11,3.46,od_pair+period,-16.1,-39.6,-13.4,-32.9,True,True
5.1,46.9,9.2,5.06,7_7,16.9,06:15,23.81026,90.43128,23.78084,90.42116,36.1,28.9,3.92,3.14,od_pair+period,-10.8,-23.0,-18.0,-38.4,True,True
5.1,27.4,5.4,3.18,7_7,16.9,06:15,23.83145,90.41726,23.84721,90.41896,12.3,11.8,2.28,2.19,od_pair+period,-15.1,-55.1,-15.6,-56.9,True,True
5.1,22.9,4.5,2.45,7_7,16.9,06:15,23.7471,90.36473,23.74162,90.37615,12.2,11.5,2.71,2.56,od_pair_only,-10.7,-46.7,-11.4,-49.8,True,True
5.1,11.2,2.2,1.31,7_12,7.4,07:00,23.86806,90.40014,23.87653,90.40144,3.5,4.2,1.59,1.91,od_pair_only,-7.7,-68.8,-7.0,-62.5,False,False
5.1,10.1,2.0,0.88,7_7,20.4,05:00,23.82024,90.43836,23.8236,90.43532,4.4,4.3,2.2,2.15,od_pair+period,-5.7,-56.4,-5.8,-57.4,True,True
5.1,48.0,9.5,5.11,7_7,16.9,06:15,23.7702,90.40846,23.74778,90.42913,32.6,28.1,3.43,2.96,od_pair+period,-15.4,-32.1,-19.9,-41.5,True,True
5.0,66.6,13.2,6.92,7_7,16.9,06:15,23.85645,90.35595,23.86294,90.39641,41.2,27.9,3.12,2.11,od_pair_only,-25.4,-38.1,-38.7,-58.1,True,True
5.0,22.3,4.4,3.08,7_7,16.9,06:15,23.75116,90.38174,23.76394,90.38462,11.5,11.2,2.61,2.55,od_pair+period,-10.8,-48.4,-11.1,-49.8,True,True
5.0,77.9,15.5,14.55,12_7,8.4,06:00,23.87586,90.37954,23.79481,90.4142,44.5,36.0,2.87,2.32,od_pair_only,-33.4,-42.9,-41.9,-53.8,True,True
5.0,81.5,16.2,17.07,7_12,7.4,06:15,23.7702,90.40846,23.8703,90.39398,54.1,41.9,3.34,2.59,od_pair+period,-27.4,-33.6,-39.6,-48.6,True,True
5.0,55.4,11.0,7.58,7_7,16.9,06:15,23.7702,90.40846,23.81735,90.39514,33.8,28.7,3.07,2.61,od_pair+period,-21.6,-39.0,-26.7,-48.2,True,True
5.0,10.9,2.2,0.88,7_7,19.5,22:00,23.7915,90.36579,23.79672,90.36535,9.0,6.8,4.09,3.09,od_pair+period,-1.9,-17.4,-4.1,-37.6,True,True
5.0,33.6,6.7,4.36,7_3,6.1,05:00,23.71289,90.43781,23.69109,90.44374,21.3,13.1,3.18,1.96,od_pair_only,-12.3,-36.6,-20.5,-61.0,True,False
5.0,18.0,3.6,1.75,7_7,19.5,22:00,23.75187,90.36512,23.74151,90.36043,17.9,12.9,4.97,3.58,od_pair+period,-0.1,-0.6,-5.1,-28.3,True,True
5.0,67.7,13.6,7.71,7_7,16.9,06:15,23.7702,90.40846,23.8111,90.42845,42.0,28.0,3.09,2.06,od_pair+period,-25.7,-38.0,-39.7,-58.6,True,True
5.0,18.6,3.7,2.55,7_7,16.9,06:15,23.75285,90.38156,23.75242,90.40305,12.7,11.3,3.43,3.05,od_pair+period,-5.9,-31.7,-7.3,-39.2,True,True
5.0,10.6,2.1,0.97,8_7,15.2,22:00,23.81862,90.43961,23.8213,90.4331,9.8,7.0,4.67,3.33,od_pair+period,-0.8,-7.5,-3.6,-34.0,True,True
4.9,20.0,4.0,1.76,7_7,19.5,22:00,23.73973,90.37228,23.72987,90.36918,19.1,9.4,4.78,2.35,od_pair+period,-0.9,-4.5,-10.6,-53.0,True,True
4.9,24.8,5.0,2.97,7_7,16.9,06:15,23.7702,90.40846,23.78586,90.41624,12.8,11.3,2.56,2.26,od_pair+period,-12.0,-48.4,-13.5,-54.4,True,True
4.9,58.5,11.9,8.17,7_7,16.9,06:15,23.85823,90.35106,23.86639,90.40142,35.6,29.8,2.99,2.5,od_pair_only,-22.9,-39.1,-28.7,-49.1,True,True
4.9,24.3,5.0,4.18,7_7,19.5,22:00,23.83638,90.36411,23.80002,90.37181,34.0,24.5,6.8,4.9,od_pair+period,9.7,39.9,0.2,0.8,True,True
4.9,56.1,11.5,6.79,7_7,16.9,06:15,23.8157,90.36663,23.85645,90.35595,20.6,26.9,1.79,2.34,od_pair_only,-35.5,-63.3,-29.2,-52.0,False,True
4.9,10.2,2.1,0.97,7_7,20.4,05:00,23.74548,90.38024,23.75116,90.38174,4.9,4.7,2.33,2.24,od_pair+period,-5.3,-52.0,-5.5,-53.9,True,True
4.8,20.6,4.3,2.08,7_7,16.9,06:15,23.77687,90.41231,23.7726,90.42256,11.2,8.5,2.6,1.98,od_pair+period,-9.4,-45.6,-12.1,-58.7,True,False
4.8,17.3,3.6,2.39,7_7,16.9,06:15,23.82632,90.36581,23.81182,90.36467,9.2,10.3,2.56,2.86,od_pair_only,-8.1,-46.8,-7.0,-40.5,True,True
4.8,25.3,5.3,2.35,7_7,16.9,06:15,23.74701,90.37417,23.74649,90.3858,11.5,10.0,2.17,1.89,od_pair+period,-13.8,-54.5,-15.3,-60.5,True,False
4.8,55.1,11.5,6.92,7_7,16.9,06:15,23.78436,90.42257,23.82976,90.41982,36.4,28.0,3.17,2.43,od_pair+period,-18.7,-33.9,-27.1,-49.2,True,True
4.8,24.4,5.1,3.38,7_7,16.9,06:15,23.7136,90.41727,23.72295,90.4315,11.6,11.1,2.27,2.18,od_pair+period,-12.8,-52.5,-13.3,-54.5,True,True
4.8,60.3,12.6,8.17,8_7,15.2,22:00,23.74509,90.45095,23.77005,90.39889,49.1,33.7,3.9,2.67,period_only,-11.2,-18.6,-26.6,-44.1,True,True
4.8,52.3,11.0,8.37,7_7,16.9,06:15,23.8213,90.4331,23.86482,90.40383,33.1,28.6,3.01,2.6,od_pair+period,-19.2,-36.7,-23.7,-45.3,True,True
4.7,78.8,16.6,12.26,7_7,16.9,06:00,23.82911,90.38756,23.75285,90.38156,48.5,43.5,2.92,2.62,od_pair+period,-30.3,-38.5,-35.3,-44.8,True,True
4.7,8.7,1.8,0.86,7_7,20.4,05:00,23.78652,90.36597,23.78305,90.36854,7.3,6.5,4.06,3.61,od_pair_only,-1.4,-16.1,-2.2,-25.3,True,True
4.7,30.1,6.4,3.6,7_6,10.5,06:15,23.75619,90.36717,23.75037,90.34427,13.1,13.2,2.05,2.06,od_pair_only,-17.0,-56.5,-16.9,-56.1,True,True
4.7,55.6,11.8,6.1,7_7,16.9,06:15,23.79129,90.37719,23.83887,90.36715,30.1,26.9,2.55,2.28,od_pair_only,-25.5,-45.9,-28.7,-51.6,True,True
4.7,58.9,12.5,9.43,7_7,16.9,06:15,23.81096,90.42842,23.86905,90.39627,33.1,29.8,2.65,2.38,od_pair+period,-25.8,-43.8,-29.1,-49.4,True,True
4.7,22.7,4.8,2.34,7_7,16.9,06:15,23.73592,90.38765,23.72627,90.37663,12.2,11.3,2.54,2.35,od_pair+period,-10.5,-46.3,-11.4,-50.2,True,True
4.7,50.3,10.7,7.9,7_7,16.9,06:15,23.7702,90.40846,23.77034,90.3583,27.1,25.5,2.53,2.38,od_pair_only,-23.2,-46.1,-24.8,-49.3,True,True
4.7,69.9,14.9,13.04,7_7,16.9,06:00,23.7702,90.40846,23.81411,90.42856,38.4,31.1,2.58,2.09,od_pair+period,-31.5,-45.1,-38.8,-55.5,True,True
4.7,22.7,4.8,2.02,7_7,16.9,06:15,23.78436,90.42257,23.78911,90.43285,12.3,9.7,2.56,2.02,od_pair+period,-10.4,-45.8,-13.0,-57.3,True,True
4.7,46.4,9.9,8.04,7_7,16.9,06:15,23.7702,90.40846,23.75162,90.36289,23.7,24.7,2.39,2.49,od_pair_only,-22.7,-48.9,-21.7,-46.8,True,True
4.7,14.3,3.1,1.59,7_7,19.5,22:00,23.74937,90.4015,23.74388,90.41008,13.6,5.9,4.39,1.9,od_pair+period,-0.7,-4.9,-8.4,-58.7,True,False
4.7,13.8,2.9,1.37,7_7,19.5,22:00,23.82441,90.36743,23.81705,90.37377,10.2,5.7,3.52,1.97,od_pair+period,-3.6,-26.1,-8.1,-58.7,True,False
4.7,59.0,12.7,9.82,7_12,7.4,06:15,23.81026,90.43128,23.87372,90.40077,35.4,30.6,2.79,2.41,od_pair+period,-23.6,-40.0,-28.4,-48.1,True,True
4.6,50.4,10.9,8.16,7_7,16.9,06:15,23.7702,90.40846,23.79351,90.37954,32.5,27.8,2.98,2.55,od_pair+period,-17.9,-35.5,-22.6,-44.8,True,True
4.6,20.9,4.5,2.72,7_7,16.9,06:15,23.70781,90.42369,23.71886,90.42287,15.7,10.8,3.49,2.4,od_pair_only,-5.2,-24.9,-10.1,-48.3,True,True
4.6,70.5,15.2,10.38,7_7,16.9,06:00,23.7796,90.37368,23.82911,90.38756,37.1,30.0,2.44,1.97,od_pair+period,-33.4,-47.4,-40.5,-57.4,True,False
4.6,9.9,2.1,0.89,7_7,20.4,05:00,23.75783,90.37351,23.75619,90.36717,4.9,5.4,2.33,2.57,od_pair+period,-5.0,-50.5,-4.5,-45.5,True,True
4.6,25.2,5.5,3.16,7_7,16.9,06:15,23.76266,90.35521,23.78027,90.3668,9.1,9.6,1.65,1.75,od_pair_only,-16.1,-63.9,-15.6,-61.9,False,False
4.6,51.3,11.2,7.82,7_7,16.9,06:15,23.7702,90.40846,23.73973,90.37228,31.4,29.7,2.8,2.65,od_pair+period,-19.9,-38.8,-21.6,-42.1,True,True
4.6,91.8,20.1,16.13,8_7,15.2,22:00,23.70778,90.48355,23.74873,90.40365,72.0,55.9,3.58,2.78,od_pair_only,-19.8,-21.6,-35.9,-39.1,True,True
4.6,50.0,11.0,7.8,7_7,16.9,06:15,23.7702,90.40846,23.76867,90.35731,29.2,25.9,2.65,2.35,od_pair_only,-20.8,-41.6,-24.1,-48.2,True,True
4.5,9.2,2.0,1.1,6_7,15.0,22:00,23.80369,90.34813,23.79531,90.35229,6.2,4.9,3.1,2.45,od_pair+period,-3.0,-32.6,-4.3,-46.7,True,True
4.5,5.7,1.2,1.13,7_7,20.4,05:00,23.7585,90.38311,23.75619,90.37557,3.0,2.4,2.5,2.0,od_pair+period,-2.7,-47.4,-3.3,-57.9,True,True
4.5,15.4,3.4,1.95,7_7,19.5,22:00,23.7702,90.40846,23.77228,90.39792,17.2,8.6,5.06,2.53,od_pair+period,1.8,11.7,-6.8,-44.2,True,True
4.5,11.8,2.6,1.2,7_7,20.4,05:00,23.76476,90.42778,23.76042,90.4368,4.8,4.5,1.85,1.73,od_pair+period,-7.0,-59.3,-7.3,-61.9,False,False
4.5,26.9,6.0,3.39,7_7,16.9,06:15,23.73895,90.41345,23.74767,90.43185,15.2,12.0,2.53,2.0,od_pair+period,-11.7,-43.5,-14.9,-55.4,True,True
4.5,16.2,3.6,2.36,7_7,16.9,06:15,23.8323,90.37983,23.82148,90.38389,11.6,9.9,3.22,2.75,od_pair+period,-4.6,-28.4,-6.3,-38.9,True,True
4.5,54.8,12.2,9.75,7_7,16.9,06:15,23.7702,90.40846,23.80986,90.36946,32.2,28.9,2.64,2.37,od_pair+period,-22.6,-41.2,-25.9,-47.3,True,True
4.5,52.1,11.6,8.83,7_7,16.9,06:15,23.8111,90.42845,23.86176,90.40524,31.6,29.0,2.72,2.5,od_pair+period,-20.5,-39.3,-23.1,-44.3,True,True
4.5,50.1,11.2,7.8,7_7,16.9,06:15,23.75005,90.38033,23.81006,90.36461,31.1,27.3,2.78,2.44,od_pair_only,-19.0,-37.9,-22.8,-45.5,True,True
4.5,21.6,4.8,3.55,7_7,16.9,06:15,23.78995,90.39084,23.80336,90.373,12.7,12.0,2.65,2.5,od_pair+period,-8.9,-41.2,-9.6,-44.4,True,True
4.5,7.7,1.7,0.64,7_7,20.4,05:00,23.76745,90.35886,23.77034,90.3583,3.2,3.0,1.88,1.76,od_pair_only,-4.5,-58.4,-4.7,-61.0,False,False
4.5,59.0,13.3,9.07,7_7,16.9,06:15,23.85823,90.35106,23.86176,90.40524,36.5,29.8,2.74,2.24,od_pair_only,-22.5,-38.1,-29.2,-49.5,True,True
4.5,50.6,11.4,5.56,7_7,16.9,06:15,23.86294,90.39641,23.82426,90.38979,35.4,29.6,3.11,2.6,od_pair+period,-15.2,-30.0,-21.0,-41.5,True,True
4.5,56.0,12.6,7.46,7_7,16.9,06:15,23.78004,90.41384,23.74607,90.43695,33.9,29.0,2.69,2.3,od_pair+period,-22.1,-39.5,-27.0,-48.2,True,True
4.4,15.1,3.4,2.15,7_7,19.5,22:00,23.75628,90.37816,23.74784,90.37111,17.0,10.0,5.0,2.94,od_pair+period,1.9,12.6,-5.1,-33.8,True,True
4.4,45.4,10.2,8.04,7_7,16.9,06:15,23.7702,90.40846,23.79129,90.37719,28.5,28.2,2.79,2.76,od_pair+period,-16.9,-37.2,-17.2,-37.9,True,True
4.4,61.3,13.9,9.61,7_7,16.9,06:00,23.75984,90.36433,23.74607,90.43695,43.7,30.7,3.14,2.21,od_pair_only,-17.6,-28.7,-30.6,-49.9,True,True
4.4,27.1,6.1,3.99,7_7,16.9,06:15,23.74151,90.36043,23.7575,90.37218,13.4,12.5,2.2,2.05,od_pair_only,-13.7,-50.6,-14.6,-53.9,True,True
4.4,63.8,14.4,10.75,7_7,16.9,06:15,23.7702,90.40846,23.82666,90.37146,39.7,30.2,2.76,2.1,od_pair+period,-24.1,-37.8,-33.6,-52.7,True,True
4.4,8.8,2.0,0.89,7_7,19.5,22:00,23.79555,90.36177,23.79049,90.36423,8.9,7.5,4.45,3.75,od_pair+period,0.1,1.1,-1.3,-14.8,True,True
4.4,21.7,4.9,3.67,7_7,16.9,06:15,23.70404,90.39636,23.70433,90.41464,10.2,14.9,2.08,3.04,od_pair_only,-11.5,-53.0,-6.8,-31.3,True,True
4.4,19.2,4.4,1.7,7_7,16.9,06:15,23.81505,90.35919,23.8047,90.35697,7.7,8.3,1.75,1.89,od_pair_only,-11.5,-59.9,-10.9,-56.8,False,False
4.4,54.7,12.5,10.41,7_7,16.9,06:00,23.83364,90.41666,23.77552,90.38841,33.2,30.1,2.66,2.41,od_pair+period,-21.5,-39.3,-24.6,-45.0,True,True
4.4,53.1,12.1,9.15,7_7,16.9,06:15,23.75242,90.40305,23.82233,90.39325,33.3,30.4,2.75,2.51,od_pair+period,-19.8,-37.3,-22.7,-42.7,True,True
4.4,45.7,10.5,7.14,7_8,12.5,22:00,23.7702,90.40846,23.75748,90.44145,31.5,25.6,3.0,2.44,od_pair+period,-14.2,-31.1,-20.1,-44.0,True,True
4.4,19.9,4.6,3.06,7_7,16.9,06:15,23.76292,90.43194,23.76476,90.4144,11.6,11.0,2.52,2.39,od_pair+period,-8.3,-41.7,-8.9,-44.7,True,True
4.3,65.8,15.1,11.62,7_7,16.9,06:15,23.7702,90.40846,23.8323,90.37983,39.5,30.2,2.62,2.0,od_pair+period,-26.3,-40.0,-35.6,-54.1,True,True
4.3,23.8,5.5,4.26,7_7,16.9,06:15,23.75619,90.37557,23.77552,90.38841,12.3,12.8,2.24,2.33,od_pair+period,-11.5,-48.3,-11.0,-46.2,True,True
4.3,9.9,2.3,0.92,7_7,20.4,05:00,23.79672,90.36535,23.79333,90.36065,6.7,5.8,2.91,2.52,od_pair_only,-3.2,-32.3,-4.1,-41.4,True,True
4.3,61.4,14.2,10.87,7_7,16.9,06:15,23.7702,90.40846,23.8157,90.36663,36.0,26.0,2.54,1.83,od_pair_only,-25.4,-41.4,-35.4,-57.7,True,False
4.3,62.3,14.4,9.45,7_7,16.9,06:00,23.77629,90.36181,23.75892,90.4218,41.2,28.1,2.86,1.95,od_pair_only,-21.1,-33.9,-34.2,-54.9,True,False
4.3,49.1,11.4,7.87,7_7,16.9,06:15,23.7702,90.40846,23.78468,90.36802,29.8,29.4,2.61,2.58,od_pair+period,-19.3,-39.3,-19.7,-40.1,True,True
4.3,21.7,5.0,3.06,7_7,16.9,06:15,23.82911,90.38756,23.83774,90.37134,12.4,11.3,2.48,2.26,od_pair+period,-9.3,-42.9,-10.4,-47.9,True,True
4.3,48.1,11.1,8.79,7_7,16.9,06:15,23.77938,90.40319,23.71811,90.39579,31.8,28.4,2.86,2.56,od_pair+period,-16.3,-33.9,-19.7,-41.0,True,True
4.3,28.4,6.6,4.11,7_7,16.9,06:15,23.74388,90.41008,23.7582,90.42627,14.5,12.1,2.2,1.83,od_pair+period,-13.9,-48.9,-16.3,-57.4,True,False
4.3,49.2,11.5,8.01,7_7,16.9,06:15,23.7702,90.40846,23.78175,90.36623,30.6,28.1,2.66,2.44,od_pair_only,-18.6,-37.8,-21.1,-42.9,True,True
4.3,21.9,5.1,3.76,7_7,16.9,06:15,23.72415,90.39592,23.70404,90.39636,16.1,11.2,3.16,2.2,od_pair_only,-5.8,-26.5,-10.7,-48.9,True,True
4.3,50.0,11.7,7.18,7_7,16.9,06:15,23.80939,90.42857,23.81735,90.39514,32.4,28.6,2.77,2.44,od_pair+period,-17.6,-35.2,-21.4,-42.8,True,True
4.3,47.0,11.0,7.37,7_8,12.5,22:00,23.7702,90.40846,23.75705,90.44515,32.9,26.8,2.99,2.44,od_pair+period,-14.1,-30.0,-20.2,-43.0,True,True
4.3,19.7,4.6,3.98,7_7,16.9,06:15,23.70404,90.39636,23.70781,90.42369,12.7,17.6,2.76,3.83,od_pair_only,-7.0,-35.5,-2.1,-10.7,True,True
4.3,11.8,2.8,1.41,7_7,19.5,22:00,23.81705,90.37377,23.82509,90.36874,11.3,6.6,4.04,2.36,od_pair+period,-0.5,-4.2,-5.2,-44.1,True,True
4.3,47.1,11.1,9.51,7_6,14.1,22:00,23.78153,90.35198,23.79939,90.28045,38.6,33.7,3.48,3.04,period_only,-8.5,-18.0,-13.4,-28.5,True,True
4.3,8.5,2.0,1.17,7_7,19.5,22:00,23.75628,90.37816,23.75005,90.38033,7.0,5.5,3.5,2.75,od_pair+period,-1.5,-17.6,-3.0,-35.3,True,True
4.2,49.9,11.7,8.06,7_7,16.9,06:15,23.7702,90.40846,23.7339,90.42677,31.5,29.5,2.69,2.52,od_pair+period,-18.4,-36.9,-20.4,-40.9,True,True
4.2,5.0,1.2,0.51,7_7,20.4,05:00,23.77228,90.39792,23.77005,90.39889,2.9,3.2,2.42,2.67,od_pair+period,-2.1,-42.0,-1.8,-36.0,True,True
4.2,7.9,1.9,1.0,7_7,19.5,22:00,23.76745,90.35886,23.76278,90.36263,6.1,5.3,3.21,2.79,od_pair+period,-1.8,-22.8,-2.6,-32.9,True,True
4.2,10.2,2.4,0.88,7_7,20.4,05:00,23.75222,90.37106,23.75187,90.36512,6.1,6.8,2.54,2.83,od_pair_only,-4.1,-40.2,-3.4,-33.3,True,True
4.2,29.4,7.0,4.3,7_7,16.9,06:15,23.7702,90.40846,23.7922,90.40874,13.0,13.5,1.86,1.93,od_pair+period,-16.4,-55.8,-15.9,-54.1,False,False
4.2,13.1,3.1,1.46,7_7,19.5,22:00,23.86806,90.40014,23.86537,90.38986,16.9,7.4,5.45,2.39,od_pair+period,3.8,29.0,-5.7,-43.5,True,True
4.2,19.9,4.8,3.94,7_7,16.9,06:15,23.71041,90.43432,23.72404,90.42886,14.8,11.5,3.08,2.4,od_pair_only,-5.1,-25.6,-8.4,-42.2,True,True
4.2,26.2,6.3,3.84,7_7,16.9,06:15,23.7702,90.40846,23.77343,90.42717,13.5,11.5,2.14,1.83,od_pair+period,-12.7,-48.5,-14.7,-56.1,True,False
4.1,22.2,5.4,3.86,7_7,16.9,06:15,23.76292,90.43194,23.78641,90.42561,12.4,11.9,2.3,2.2,od_pair+period,-9.8,-44.1,-10.3,-46.4,True,True
4.1,49.5,12.0,8.25,7_7,16.9,06:15,23.7702,90.40846,23.72948,90.43144,32.8,30.3,2.73,2.52,od_pair+period,-16.7,-33.7,-19.2,-38.8,True,True
4.1,48.4,11.8,8.23,7_7,16.9,06:15,23.7702,90.40846,23.7664,90.35271,30.9,28.0,2.62,2.37,od_pair_only,-17.5,-36.2,-20.4,-42.1,True,True
4.1,47.9,11.7,8.55,7_7,16.9,06:15,23.7702,90.40846,23.78153,90.35198,31.2,27.8,2.67,2.38,od_pair_only,-16.7,-34.9,-20.1,-42.0,True,True
4.1,48.1,11.7,8.13,7_8,12.5,22:00,23.72295,90.4315,23.70778,90.48355,45.4,32.0,3.88,2.74,od_pair_only,-2.7,-5.6,-16.1,-33.5,True,True
4.1,28.2,6.9,3.68,7_7,16.9,06:15,23.74735,90.36879,23.7664,90.35271,15.2,13.9,2.2,2.01,od_pair_only,-13.0,-46.1,-14.3,-50.7,True,True
4.1,8.2,2.0,1.21,7_7,19.5,22:00,23.79018,90.42528,23.78486,90.43093,7.3,5.5,3.65,2.75,od_pair+period,-0.9,-11.0,-2.7,-32.9,True,True
4.1,26.7,6.5,3.98,7_7,16.9,06:15,23.7702,90.40846,23.77287,90.42806,13.9,11.7,2.14,1.8,od_pair+period,-12.8,-47.9,-15.0,-56.2,True,False
4.1,28.6,7.0,3.18,7_7,16.9,06:15,23.78925,90.36656,23.80709,90.35516,9.5,10.8,1.36,1.54,od_pair_only,-19.1,-66.8,-17.8,-62.2,False,False
4.1,14.6,3.6,1.84,12_7,8.4,06:15,23.8703,90.39398,23.86592,90.38522,6.2,4.5,1.72,1.25,od_pair+period,-8.4,-57.5,-10.1,-69.2,False,False
4.0,49.9,12.3,8.69,7_7,16.9,06:15,23.7702,90.40846,23.71555,90.41772,32.8,30.1,2.67,2.45,od_pair+period,-17.1,-34.3,-19.8,-39.7,True,True
4.0,22.6,5.6,3.31,7_7,16.9,06:15,23.75783,90.37351,23.73973,90.37228,12.8,11.4,2.29,2.04,od_pair+period,-9.8,-43.4,-11.2,-49.6,True,True
4.0,51.6,12.8,9.5,7_7,16.9,06:00,23.82765,90.36134,23.77552,90.38841,29.5,23.3,2.3,1.82,od_pair_only,-22.1,-42.8,-28.3,-54.8,True,False
4.0,29.4,7.3,3.89,7_6,10.5,06:15,23.77034,90.3583,23.75325,90.34262,10.2,10.6,1.4,1.45,od_pair_only,-19.2,-65.3,-18.8,-63.9,False,False
4.0,52.8,13.1,9.67,7_7,16.9,06:15,23.79776,90.4241,23.86294,90.39641,36.1,30.5,2.76,2.33,od_pair+period,-16.7,-31.6,-22.3,-42.2,True,True
4.0,22.2,5.5,3.15,7_7,16.9,06:15,23.80613,90.38277,23.81006,90.36461,10.8,11.2,1.96,2.04,od_pair_only,-11.4,-51.4,-11.0,-49.5,False,True
4.0,8.9,2.2,0.99,7_7,20.4,05:00,23.75727,90.36155,23.75733,90.36888,8.2,6.7,3.73,3.05,od_pair_only,-0.7,-7.9,-2.2,-24.7,True,True
4.0,10.5,2.6,1.33,7_7,19.5,22:00,23.86176,90.40524,23.85946,90.41308,8.7,5.6,3.35,2.15,od_pair+period,-1.8,-17.1,-4.9,-46.7,True,True
4.0,55.9,13.9,10.02,7_7,16.9,06:00,23.8157,90.36663,23.77885,90.40804,34.7,26.9,2.5,1.94,od_pair_only,-21.2,-37.9,-29.0,-51.9,True,False
4.0,21.3,5.3,3.54,7_7,16.9,06:15,23.77951,90.35976,23.76232,90.35908,9.0,10.1,1.7,1.91,od_pair_only,-12.3,-57.7,-11.2,-52.6,False,False
4.0,79.0,19.7,16.53,7_8,12.5,22:00,23.73469,90.3601,23.71613,90.49724,82.1,56.4,4.17,2.86,period_only,3.1,3.9,-22.6,-28.6,True,True
4.0,20.5,5.1,3.21,7_7,16.9,06:15,23.73524,90.41144,23.71555,90.41772,11.4,11.4,2.24,2.24,od_pair+period,-9.1,-44.4,-9.1,-44.4,True,True
4.0,9.9,2.5,1.34,7_7,19.5,22:00,23.82509,90.36874,23.82765,90.36134,9.5,6.5,3.8,2.6,od_pair+period,-0.4,-4.0,-3.4,-34.3,True,True
4.0,18.0,4.5,3.56,8_7,15.2,06:15,23.75748,90.44145,23.76364,90.43238,9.1,7.3,2.02,1.62,od_pair+period,-8.9,-49.4,-10.7,-59.4,True,False
4.0,25.7,6.4,4.05,7_7,16.9,06:15,23.77938,90.40319,23.78486,90.43093,14.6,12.7,2.28,1.98,od_pair+period,-11.1,-43.2,-13.0,-50.6,True,False
4.0,14.9,3.7,1.77,7_8,12.5,05:00,23.73216,90.4311,23.73504,90.44,6.3,6.4,1.7,1.73,od_pair+period,-8.6,-57.7,-8.5,-57.0,False,False
4.0,28.2,7.1,3.36,7_7,16.9,06:15,23.82138,90.35871,23.83887,90.36715,11.6,10.8,1.63,1.52,od_pair_only,-16.6,-58.9,-17.4,-61.7,False,False
3.9,8.0,2.0,0.99,7_7,20.4,05:00,23.75735,90.37332,23.75628,90.37816,4.3,4.1,2.15,2.05,od_pair+period,-3.7,-46.2,-3.9,-48.8,True,True
3.9,58.7,14.9,10.92,7_7,16.9,06:15,23.7702,90.40846,23.80617,90.35555,35.2,26.6,2.36,1.79,od_pair_only,-23.5,-40.0,-32.1,-54.7,True,False
3.9,71.6,18.3,13.68,7_7,16.9,06:00,23.85645,90.35595,23.82976,90.41982,40.0,28.9,2.19,1.58,od_pair_only,-31.6,-44.1,-42.7,-59.6,True,False
3.9,24.9,6.4,3.57,7_7,16.9,06:15,23.72846,90.42407,23.71289,90.43781,14.7,12.2,2.3,1.91,od_pair+period,-10.2,-41.0,-12.7,-51.0,True,False
3.9,20.4,5.2,3.0,7_7,16.9,06:15,23.83021,90.38717,23.83883,90.37495,11.9,11.1,2.29,2.13,od_pair+period,-8.5,-41.7,-9.3,-45.6,True,True
3.9,11.0,2.8,1.38,7_7,20.4,05:00,23.81411,90.42856,23.8213,90.4331,5.0,4.9,1.79,1.75,od_pair+period,-6.0,-54.5,-6.1,-55.5,False,False
3.9,11.4,2.9,1.58,7_7,19.5,22:00,23.73195,90.40826,23.73973,90.41178,8.8,5.6,3.03,1.93,od_pair+period,-2.6,-22.8,-5.8,-50.9,True,False
3.9,10.8,2.8,1.43,7_7,20.4,05:00,23.80709,90.35516,23.81474,90.35652,5.9,5.6,2.11,2.0,od_pair_only,-4.9,-45.4,-5.2,-48.1,True,True
3.9,24.3,6.3,3.61,7_7,16.9,06:15,23.73331,90.43202,23.71289,90.43781,14.7,12.7,2.33,2.02,od_pair+period,-9.6,-39.5,-11.6,-47.7,True,True
3.9,6.2,1.6,1.18,7_7,20.4,05:00,23.79832,90.37257,23.79129,90.37719,3.3,2.9,2.06,1.81,od_pair+period,-2.9,-46.8,-3.3,-53.2,True,False
3.9,6.9,1.8,0.7,7_7,20.4,05:00,23.78652,90.36597,23.78925,90.36656,2.8,3.4,1.56,1.89,od_pair_only,-4.1,-59.4,-3.5,-50.7,False,False
3.8,33.1,8.6,6.03,3_7,21.7,22:00,23.68541,90.44262,23.72948,90.43144,53.1,28.6,6.17,3.33,od_pair_only,20.0,60.4,-4.5,-13.6,True,True
3.8,39.9,10.4,7.94,7_7,16.9,06:15,23.83176,90.42424,23.77556,90.40167,30.1,27.5,2.89,2.64,od_pair+period,-9.8,-24.6,-12.4,-31.1,True,True
3.8,7.8,2.0,1.11,7_7,19.5,22:00,23.76745,90.35886,23.76266,90.35521,7.0,5.5,3.5,2.75,od_pair+period,-0.8,-10.3,-2.3,-29.5,True,True
3.8,48.9,12.8,8.85,7_7,16.9,06:15,23.86905,90.39627,23.83579,90.37281,28.5,29.4,2.23,2.3,od_pair+period,-20.4,-41.7,-19.5,-39.9,True,True
3.8,19.7,5.2,1.46,8_7,15.2,22:00,23.75155,90.44417,23.74528,90.43676,12.2,5.8,2.35,1.12,od_pair+period,-7.5,-38.1,-13.9,-70.6,True,False
3.8,23.2,6.1,3.67,7_7,16.9,06:15,23.74714,90.39924,23.74784,90.37111,12.2,9.8,2.0,1.61,od_pair+period,-11.0,-47.4,-13.4,-57.8,True,False
3.8,6.5,1.7,1.11,7_7,20.4,05:00,23.74784,90.37111,23.74162,90.37615,3.5,2.9,2.06,1.71,od_pair+period,-3.0,-46.2,-3.6,-55.4,True,False
3.8,21.0,5.5,3.11,7_7,16.9,06:15,23.77871,90.35994,23.75984,90.36433,9.2,10.6,1.67,1.93,od_pair_only,-11.8,-56.2,-10.4,-49.5,False,False
3.8,10.6,2.8,1.28,7_7,20.4,05:00,23.80158,90.3752,23.80613,90.38277,4.8,4.5,1.71,1.61,od_pair+period,-5.8,-54.7,-6.1,-57.5,False,False
3.8,22.2,5.9,3.55,7_7,16.9,06:15,23.75536,90.38798,23.73592,90.38765,12.9,11.8,2.19,2.0,od_pair+period,-9.3,-41.9,-10.4,-46.8,True,True
3.8,10.2,2.7,1.42,7_7,19.5,22:00,23.76385,90.41463,23.75684,90.41244,8.8,5.9,3.26,2.19,od_pair+period,-1.4,-13.7,-4.3,-42.2,True,True
3.8,9.5,2.5,1.12,7_7,19.5,22:00,23.80296,90.36349,23.8047,90.35697,8.4,6.9,3.36,2.76,od_pair+period,-1.1,-11.6,-2.6,-27.4,True,True
3.8,30.1,8.0,4.1,7_7,16.9,06:15,23.81474,90.35652,23.83774,90.37134,17.4,13.6,2.17,1.7,od_pair_only,-12.7,-42.2,-16.5,-54.8,True,False
3.8,23.5,6.2,3.32,7_7,16.9,06:15,23.78397,90.42238,23.76737,90.42112,13.1,11.3,2.11,1.82,od_pair+period,-10.4,-44.3,-12.2,-51.9,True,False
3.7,9.7,2.6,1.36,7_7,19.5,22:00,23.75167,90.3856,23.75654,90.38049,9.7,5.9,3.73,2.27,od_pair+period,0.0,0.0,-3.8,-39.2,True,True
3.7,8.8,2.4,1.03,7_7,19.5,22:00,23.74351,90.38633,23.74548,90.38024,8.6,5.9,3.58,2.46,od_pair+period,-0.2,-2.3,-2.9,-33.0,True,True
3.7,7.7,2.1,1.15,7_7,19.5,22:00,23.7471,90.36473,23.74151,90.36043,6.9,5.7,3.29,2.71,od_pair+period,-0.8,-10.4,-2.0,-26.0,True,True
3.7,55.7,15.1,8.14,7_7,16.9,06:15,23.8047,90.35697,23.85645,90.35595,16.5,23.8,1.09,1.58,od_pair_only,-39.2,-70.4,-31.9,-57.3,False,False
3.7,21.6,5.9,3.25,7_7,16.9,06:15,23.74767,90.43185,23.73886,90.41149,14.1,12.0,2.39,2.03,od_pair+period,-7.5,-34.7,-9.6,-44.4,True,True
3.7,14.7,4.0,2.83,7_7,16.9,06:15,23.73973,90.41178,23.72086,90.42354,11.4,11.4,2.85,2.85,od_pair+period,-3.3,-22.4,-3.3,-22.4,True,True
3.7,10.1,2.8,1.29,7_7,19.5,22:00,23.85946,90.41308,23.86176,90.40524,9.3,5.9,3.32,2.11,od_pair+period,-0.8,-7.9,-4.2,-41.6,True,True
3.7,5.5,1.5,0.61,7_7,20.4,05:00,23.77034,90.3583,23.76867,90.35731,2.9,3.3,1.93,2.2,od_pair_only,-2.6,-47.3,-2.2,-40.0,False,True
3.6,9.0,2.5,1.11,7_7,20.4,05:00,23.86294,90.39641,23.86603,90.38873,4.7,4.8,1.88,1.92,od_pair+period,-4.3,-47.8,-4.2,-46.7,False,False
3.6,9.2,2.5,1.35,7_7,19.5,22:00,23.72086,90.42354,23.71417,90.4185,8.0,5.6,3.2,2.24,od_pair+period,-1.2,-13.0,-3.6,-39.1,True,True
3.6,10.4,2.9,1.45,7_7,19.5,22:00,23.76572,90.41464,23.75836,90.4147,8.5,5.9,2.93,2.03,od_pair+period,-1.9,-18.3,-4.5,-43.3,True,True
3.6,14.9,4.1,2.29,7_7,16.9,06:15,23.74162,90.37615,23.74351,90.38633,8.4,6.6,2.05,1.61,od_pair+period,-6.5,-43.6,-8.3,-55.7,True,False
3.6,28.4,7.9,4.35,7_7,16.9,06:15,23.78447,90.39753,23.78397,90.42238,16.9,13.6,2.14,1.72,od_pair+period,-11.5,-40.5,-14.8,-52.1,True,False
3.6,9.7,2.7,1.4,7_7,19.5,22:00,23.75167,90.3856,23.75689,90.38056,9.5,6.1,3.52,2.26,od_pair+period,-0.2,-2.1,-3.6,-37.1,True,True
3.6,17.1,4.7,3.24,7_7,16.9,06:15,23.73195,90.40826,23.7136,90.41727,11.7,11.4,2.49,2.43,od_pair+period,-5.4,-31.6,-5.7,-33.3,True,True
3.6,7.9,2.2,1.36,7_7,20.4,05:00,23.74438,90.39674,23.74937,90.4015,3.8,3.5,1.73,1.59,od_pair+period,-4.1,-51.9,-4.4,-55.7,False,False
3.6,9.7,2.7,1.23,7_7,19.5,22:00,23.71078,90.41781,23.70433,90.41464,13.4,17.9,4.96,6.63,od_pair_only,3.7,38.1,8.2,84.5,True,True
3.6,23.9,6.7,3.54,7_7,16.9,06:15,23.74162,90.37615,23.72309,90.39257,15.3,13.1,2.28,1.96,od_pair+period,-8.6,-36.0,-10.8,-45.2,True,False
3.6,42.8,12.0,8.85,7_8,12.5,22:00,23.83145,90.41726,23.81236,90.44619,29.4,27.4,2.45,2.28,od_pair+period,-13.4,-31.3,-15.4,-36.0,True,True
3.6,27.8,7.8,4.31,7_7,16.9,06:15,23.77607,90.36777,23.79512,90.35679,14.0,11.9,1.79,1.53,od_pair_only,-13.8,-49.6,-15.9,-57.2,False,False
3.6,8.1,2.3,1.31,7_7,20.4,05:00,23.74603,90.37134,23.74596,90.37569,4.6,4.0,2.0,1.74,od_pair+period,-3.5,-43.2,-4.1,-50.6,True,False
3.6,10.7,3.0,0.82,7_7,20.4,05:00,23.74528,90.43676,23.74767,90.43185,7.6,7.0,2.53,2.33,od_pair+period,-3.1,-29.0,-3.7,-34.6,True,True
3.6,8.8,2.5,1.09,7_7,20.4,05:00,23.77034,90.3583,23.7701,90.35028,5.7,5.6,2.28,2.24,od_pair_only,-3.1,-35.2,-3.2,-36.4,True,True
3.5,9.2,2.6,1.11,7_7,20.4,05:00,23.86239,90.39768,23.86537,90.38986,5.1,5.1,1.96,1.96,od_pair+period,-4.1,-44.6,-4.1,-44.6,False,False
3.5,49.8,14.1,9.61,7_8,12.5,22:00,23.7702,90.40846,23.80902,90.43986,40.4,33.7,2.87,2.39,od_pair+period,-9.4,-18.9,-16.1,-32.3,True,True
3.5,18.7,5.3,3.52,7_7,16.9,06:15,23.71193,90.43448,23.71951,90.42039,13.9,11.7,2.62,2.21,od_pair_only,-4.8,-25.7,-7.0,-37.4,True,True
3.5,10.1,2.8,1.42,7_7,19.5,22:00,23.74388,90.41008,23.73524,90.41144,8.2,5.5,2.93,1.96,od_pair+period,-1.9,-18.8,-4.6,-45.5,True,False
3.5,21.3,6.0,3.54,7_7,16.9,06:15,23.74151,90.36043,23.7664,90.35271,10.5,9.3,1.75,1.55,od_pair_only,-10.8,-50.7,-12.0,-56.3,False,False
3.5,10.4,2.9,1.39,7_7,19.5,22:00,23.7371,90.43336,23.72948,90.43144,9.5,6.1,3.28,2.1,od_pair+period,-0.9,-8.7,-4.3,-41.3,True,True
3.5,13.7,3.9,1.27,7_7,16.9,06:15,23.74169,90.43104,23.73216,90.4311,8.2,7.1,2.1,1.82,od_pair+period,-5.5,-40.1,-6.6,-48.2,True,False
3.5,15.7,4.4,2.9,7_7,16.9,06:15,23.74661,90.40008,23.72415,90.39592,12.4,11.6,2.82,2.64,od_pair+period,-3.3,-21.0,-4.1,-26.1,True,True
3.5,78.9,22.4,12.34,7_7,16.9,06:00,23.8069,90.35623,23.81096,90.42842,39.7,30.9,1.77,1.38,od_pair_only,-39.2,-49.7,-48.0,-60.8,False,False
3.5,18.1,5.2,3.03,7_7,16.9,06:15,23.76476,90.4144,23.7726,90.42256,11.5,10.5,2.21,2.02,od_pair+period,-6.6,-36.5,-7.6,-42.0,True,True
3.5,20.4,5.9,4.23,7_7,16.9,06:15,23.70728,90.40114,23.72249,90.39567,15.1,11.9,2.56,2.02,od_pair_only,-5.3,-26.0,-8.5,-41.7,True,True
3.5,7.8,2.2,1.23,7_7,20.4,05:00,23.76196,90.35249,23.76535,90.35715,4.9,5.0,2.23,2.27,od_pair_only,-2.9,-37.2,-2.8,-35.9,True,True
3.5,19.4,5.6,3.27,7_7,16.9,06:15,23.73973,90.37228,23.76278,90.36263,11.9,12.5,2.12,2.23,od_pair_only,-7.5,-38.7,-6.9,-35.6,True,True
3.5,47.1,13.5,10.31,7_8,12.5,22:00,23.86871,90.40481,23.82051,90.4505,45.0,34.9,3.33,2.59,od_pair+period,-2.1,-4.5,-12.2,-25.9,True,True
3.5,9.3,2.7,1.27,7_7,19.5,22:00,23.75076,90.36425,23.758,90.36264,9.0,5.7,3.33,2.11,od_pair+period,-0.3,-3.2,-3.6,-38.7,True,True
3.5,27.4,7.9,3.12,7_7,16.9,06:15,23.79333,90.36065,23.81505,90.35919,11.6,9.6,1.47,1.22,od_pair_only,-15.8,-57.7,-17.8,-65.0,False,False
3.5,7.7,2.2,1.07,7_7,20.4,05:00,23.78126,90.36777,23.78652,90.36597,5.8,5.8,2.64,2.64,od_pair_only,-1.9,-24.7,-1.9,-24.7,True,True
3.5,23.6,6.8,3.71,7_7,16.9,06:15,23.8236,90.43532,23.83145,90.41726,13.3,11.6,1.96,1.71,od_pair+period,-10.3,-43.6,-12.0,-50.8,False,False
3.5,8.5,2.5,1.18,7_7,19.5,22:00,23.73736,90.43919,23.74528,90.43676,8.7,6.3,3.48,2.52,od_pair+period,0.2,2.4,-2.2,-25.9,True,True
3.5,50.0,14.5,11.82,7_8,12.5,22:00,23.77552,90.38841,23.82051,90.4505,49.4,50.4,3.41,3.48,od_pair+period,-0.6,-1.2,0.4,0.8,True,True
3.5,8.9,2.6,1.41,7_7,16.9,06:15,23.75836,90.4147,23.76461,90.41267,5.2,5.1,2.0,1.96,od_pair+period,-3.7,-41.6,-3.8,-42.7,True,False
3.4,27.5,8.0,4.18,7_7,16.9,06:15,23.75684,90.41244,23.74528,90.43676,19.2,13.6,2.4,1.7,od_pair+period,-8.3,-30.2,-13.9,-50.5,True,False
3.4,25.7,7.5,4.81,7_7,16.9,06:15,23.77552,90.38841,23.75984,90.36433,13.8,14.1,1.84,1.88,od_pair_only,-11.9,-46.3,-11.6,-45.1,False,False
3.4,9.4,2.7,1.27,7_7,19.5,22:00,23.80287,90.36895,23.79672,90.36535,9.4,6.9,3.48,2.56,od_pair+period,0.0,0.0,-2.5,-26.6,True,True
3.4,21.4,6.2,3.7,7_7,16.9,06:15,23.7702,90.40846,23.74937,90.4015,13.2,12.9,2.13,2.08,od_pair+period,-8.2,-38.3,-8.5,-39.7,True,True
3.4,31.0,9.0,3.99,7_7,16.9,06:15,23.78586,90.41624,23.80939,90.42857,19.4,13.5,2.16,1.5,od_pair+period,-11.6,-37.4,-17.5,-56.5,True,False
3.4,21.1,6.2,4.35,7_7,16.9,06:15,23.77431,90.41207,23.77552,90.38841,13.2,12.8,2.13,2.06,od_pair+period,-7.9,-37.4,-8.3,-39.3,True,True
3.4,8.7,2.5,1.18,7_7,19.5,22:00,23.77367,90.36174,23.7742,90.35396,8.7,6.9,3.48,2.76,od_pair+period,0.0,0.0,-1.8,-20.7,True,True
3.4,9.2,2.7,1.16,7_7,20.4,05:00,23.84721,90.41896,23.85086,90.42173,4.4,4.5,1.63,1.67,od_pair+period,-4.8,-52.2,-4.7,-51.1,False,False
3.4,63.5,18.6,12.33,7_6,10.5,06:00,23.85645,90.35595,23.798,90.34056,19.0,24.0,1.02,1.29,od_pair_only,-44.5,-70.1,-39.5,-62.2,False,False
3.4,27.4,8.1,4.12,7_7,16.9,06:15,23.7702,90.40846,23.7582,90.42627,16.6,12.2,2.05,1.51,od_pair+period,-10.8,-39.4,-15.2,-55.5,True,False
3.4,7.7,2.3,1.13,7_7,19.5,22:00,23.79018,90.42528,23.78436,90.42257,8.2,5.9,3.57,2.57,od_pair+period,0.5,6.5,-1.8,-23.4,True,True
3.4,22.6,6.7,4.48,7_7,16.9,06:15,23.82426,90.38979,23.82441,90.36743,12.9,12.0,1.93,1.79,od_pair+period,-9.7,-42.9,-10.6,-46.9,False,False
3.4,18.4,5.4,3.34,7_7,16.9,06:15,23.75717,90.36114,23.74214,90.38299,14.4,13.3,2.67,2.46,od_pair_only,-4.0,-21.7,-5.1,-27.7,True,True
3.4,9.7,2.9,1.77,7_7,20.4,05:00,23.73195,90.40826,23.7356,90.41432,4.7,4.9,1.62,1.69,od_pair+period,-5.0,-51.5,-4.8,-49.5,False,False
3.4,9.1,2.7,1.63,7_7,16.9,06:15,23.80002,90.37181,23.80733,90.36871,4.7,4.9,1.74,1.81,od_pair+period,-4.4,-48.4,-4.2,-46.2,False,False
3.4,8.1,2.4,1.27,7_7,20.4,05:00,23.76265,90.43373,23.7582,90.42627,4.0,4.2,1.67,1.75,od_pair+period,-4.1,-50.6,-3.9,-48.1,False,False
3.4,68.0,20.1,13.13,7_8,12.5,22:00,23.74528,90.43676,23.82348,90.43985,65.4,43.6,3.25,2.17,od_pair+period,-2.6,-3.8,-24.4,-35.9,True,True
3.4,25.1,7.4,4.41,7_7,16.9,06:15,23.7326,90.43112,23.73195,90.40826,13.4,12.2,1.81,1.65,od_pair+period,-11.7,-46.6,-12.9,-51.4,False,False
3.4,19.9,5.9,3.4,7_7,16.9,06:15,23.81337,90.37603,23.79672,90.36535,11.7,11.5,1.98,1.95,od_pair_only,-8.2,-41.2,-8.4,-42.2,False,False
3.4,18.9,5.6,2.71,7_7,16.9,06:15,23.81643,90.36216,23.80517,90.36321,7.1,9.2,1.27,1.64,od_pair_only,-11.8,-62.4,-9.7,-51.3,False,False
3.4,9.8,2.9,1.41,7_7,19.5,22:00,23.74512,90.4178,23.73895,90.41345,9.5,6.1,3.28,2.1,od_pair+period,-0.3,-3.1,-3.7,-37.8,True,True
3.4,15.8,4.7,3.32,7_7,16.9,06:15,23.76394,90.38462,23.77629,90.36181,10.7,12.0,2.28,2.55,od_pair_only,-5.1,-32.3,-3.8,-24.1,True,True
3.4,7.2,2.1,1.27,7_7,19.5,22:00,23.71417,90.4185,23.70781,90.42369,11.2,7.3,5.33,3.48,od_pair_only,4.0,55.6,0.1,1.4,True,True
3.3,8.0,2.4,1.12,6_6,21.1,22:00,23.74554,90.34954,23.75037,90.34427,8.9,6.9,3.71,2.88,od_pair+period,0.9,11.3,-1.1,-13.7,True,True
3.3,23.1,6.9,4.08,7_7,16.9,06:15,23.82462,90.4352,23.83325,90.41672,13.3,11.7,1.93,1.7,od_pair+period,-9.8,-42.4,-11.4,-49.4,False,False
3.3,20.2,6.1,3.94,7_7,16.9,06:15,23.86603,90.38873,23.86482,90.40383,13.2,11.4,2.16,1.87,od_pair+period,-7.0,-34.7,-8.8,-43.6,True,False
3.3,19.5,5.9,4.44,7_7,16.9,06:15,23.7702,90.40846,23.76371,90.38374,12.5,12.8,2.12,2.17,od_pair+period,-7.0,-35.9,-6.7,-34.4,True,True
3.3,6.0,1.8,1.01,7_7,20.4,05:00,23.76278,90.36263,23.76201,90.3538,3.9,3.9,2.17,2.17,od_pair_only,-2.1,-35.0,-2.1,-35.0,True,True
3.3,5.7,1.7,1.03,7_7,20.4,05:00,23.74603,90.37134,23.74455,90.3734,3.7,3.1,2.18,1.82,od_pair+period,-2.0,-35.1,-2.6,-45.6,True,False
3.3,22.1,6.7,3.66,7_7,16.9,06:15,23.83883,90.37495,23.82535,90.35412,12.7,13.0,1.9,1.94,od_pair_only,-9.4,-42.5,-9.1,-41.2,False,False
3.3,7.2,2.2,1.19,7_7,20.4,05:00,23.73699,90.43016,23.73992,90.42749,3.9,4.1,1.77,1.86,od_pair+period,-3.3,-45.8,-3.1,-43.1,False,False
3.3,6.4,1.9,0.88,8_8,68.5,05:00,23.76237,90.44231,23.75959,90.44943,5.8,4.5,3.05,2.37,od_pair+period,-0.6,-9.4,-1.9,-29.7,True,True
3.3,28.2,8.6,5.94,7_7,16.9,06:15,23.7824,90.36864,23.80613,90.38277,17.2,14.0,2.0,1.63,od_pair+period,-11.0,-39.0,-14.2,-50.4,True,False
3.3,21.7,6.6,3.51,7_7,16.9,06:15,23.83018,90.42156,23.80737,90.41769,14.5,12.8,2.2,1.94,od_pair+period,-7.2,-33.2,-8.9,-41.0,True,False
3.3,5.2,1.6,0.69,7_7,20.4,05:00,23.79137,90.36568,23.78925,90.36656,3.1,3.1,1.94,1.94,od_pair_only,-2.1,-40.4,-2.1,-40.4,False,False
3.3,9.1,2.8,1.26,7_7,20.4,05:00,23.86482,90.40383,23.86871,90.40481,4.9,4.8,1.75,1.71,od_pair+period,-4.2,-46.2,-4.3,-47.3,False,False
3.3,19.3,5.9,3.18,7_7,16.9,06:15,23.74777,90.38363,23.74735,90.36879,13.1,11.4,2.22,1.93,od_pair+period,-6.2,-32.1,-7.9,-40.9,True,False
3.3,9.9,3.0,1.64,7_7,20.4,05:00,23.77885,90.40804,23.78178,90.41358,4.4,4.7,1.47,1.57,od_pair+period,-5.5,-55.6,-5.2,-52.5,False,False
3.3,23.8,7.3,3.96,7_7,16.9,06:15,23.83144,90.42467,23.80939,90.42857,14.9,13.0,2.04,1.78,od_pair+period,-8.9,-37.4,-10.8,-45.4,True,False
3.3,18.2,5.6,3.31,7_7,16.9,06:15,23.75681,90.35151,23.73469,90.3601,10.7,10.4,1.91,1.86,od_pair_only,-7.5,-41.2,-7.8,-42.9,False,False
3.3,10.0,3.1,1.3,7_7,19.5,22:00,23.7921,90.35869,23.791,90.35113,8.5,7.0,2.74,2.26,od_pair+period,-1.5,-15.0,-3.0,-30.0,True,True
3.2,10.3,3.2,1.36,7_7,19.5,22:00,23.78652,90.36597,23.79369,90.36075,9.6,7.1,3.0,2.22,od_pair+period,-0.7,-6.8,-3.2,-31.1,True,True
3.2,6.7,2.1,1.18,7_7,20.4,05:00,23.7702,90.40846,23.76694,90.40927,4.1,3.7,1.95,1.76,od_pair+period,-2.6,-38.8,-3.0,-44.8,False,False
3.2,10.9,3.4,1.41,7_7,19.5,22:00,23.80617,90.35555,23.81474,90.35652,8.4,7.1,2.47,2.09,od_pair+period,-2.5,-22.9,-3.8,-34.9,True,True
3.2,7.0,2.2,1.43,7_7,19.5,22:00,23.82433,90.36874,23.8157,90.36663,6.5,4.8,2.95,2.18,od_pair+period,-0.5,-7.1,-2.2,-31.4,True,True
3.2,7.2,2.3,1.1,7_7,20.4,05:00,23.78027,90.3668,23.77607,90.36777,7.2,6.3,3.13,2.74,od_pair_only,0.0,0.0,-0.9,-12.5,True,True
3.2,19.0,6.0,3.29,7_7,16.9,06:15,23.82976,90.41982,23.80737,90.41769,14.2,12.9,2.37,2.15,od_pair+period,-4.8,-25.3,-6.1,-32.1,True,True
3.2,6.8,2.1,1.03,7_7,20.4,05:00,23.74869,90.40804,23.75154,90.40646,4.1,4.2,1.95,2.0,od_pair+period,-2.7,-39.7,-2.6,-38.2,False,True
3.2,51.3,16.1,10.92,7_8,12.5,22:00,23.76572,90.41464,23.82348,90.43985,45.6,34.5,2.83,2.14,od_pair+period,-5.7,-11.1,-16.8,-32.7,True,True
3.2,9.3,2.9,1.54,7_7,20.4,05:00,23.7664,90.35271,23.76745,90.35886,6.0,5.8,2.07,2.0,od_pair_only,-3.3,-35.5,-3.5,-37.6,True,True
3.2,18.7,5.9,5.17,7_7,16.9,06:15,23.77005,90.39889,23.74438,90.39674,12.6,11.4,2.14,1.93,od_pair+period,-6.1,-32.6,-7.3,-39.0,True,False
3.2,50.8,16.1,10.16,7_8,12.5,22:00,23.83021,90.38717,23.82051,90.4505,46.8,34.4,2.91,2.14,od_pair+period,-4.0,-7.9,-16.4,-32.3,True,True
3.2,36.0,11.4,7.52,12_12,12.0,06:15,23.90969,90.39641,23.90672,90.41704,13.9,10.7,1.22,0.94,od_pair_only,-22.1,-61.4,-25.3,-70.3,False,False
3.1,9.7,3.1,1.84,7_7,20.4,05:00,23.76867,90.35731,23.77629,90.36181,6.2,5.5,2.0,1.77,od_pair_only,-3.5,-36.1,-4.2,-43.3,True,False
3.1,24.8,7.9,5.64,7_7,16.9,06:15,23.77343,90.42717,23.79776,90.4241,14.2,10.5,1.8,1.33,od_pair+period,-10.6,-42.7,-14.3,-57.7,False,False
3.1,8.9,2.8,1.33,7_7,20.4,05:00,23.75876,90.42953,23.76158,90.43876,4.2,3.9,1.5,1.39,od_pair+period,-4.7,-52.8,-5.0,-56.2,False,False
3.1,18.4,5.9,3.77,7_7,16.9,06:15,23.77287,90.42806,23.78436,90.42257,12.2,11.2,2.07,1.9,od_pair+period,-6.2,-33.7,-7.2,-39.1,True,False
3.1,21.6,7.0,4.65,7_7,16.9,06:15,23.82911,90.38756,23.8157,90.36663,13.3,10.6,1.9,1.51,od_pair_only,-8.3,-38.4,-11.0,-50.9,False,False
3.1,14.5,4.7,1.91,7_7,16.9,06:15,23.79055,90.37561,23.78652,90.36597,6.9,6.7,1.47,1.43,od_pair_only,-7.6,-52.4,-7.8,-53.8,False,False
3.1,8.4,2.7,1.32,7_7,19.5,22:00,23.78397,90.42238,23.78004,90.41384,8.0,5.9,2.96,2.19,od_pair+period,-0.4,-4.8,-2.5,-29.8,True,True
3.1,46.0,14.9,9.36,7_8,12.5,22:00,23.77687,90.41231,23.82348,90.43985,44.7,33.2,3.0,2.23,od_pair+period,-1.3,-2.8,-12.8,-27.8,True,True
3.1,26.3,8.5,4.31,7_7,16.9,06:15,23.7702,90.40846,23.75876,90.42953,16.9,12.2,1.99,1.44,od_pair+period,-9.4,-35.7,-14.1,-53.6,False,False
3.1,21.8,7.1,3.53,7_7,16.9,06:15,23.75876,90.42953,23.7371,90.43336,15.4,13.1,2.17,1.85,od_pair+period,-6.4,-29.4,-8.7,-39.9,True,False
3.1,6.3,2.0,1.09,7_7,20.4,05:00,23.76371,90.38374,23.75575,90.38268,4.1,4.2,2.05,2.1,od_pair+period,-2.2,-34.9,-2.1,-33.3,True,True
3.1,12.0,3.9,1.83,7_7,16.9,06:15,23.7702,90.40846,23.77687,90.41231,6.9,6.4,1.77,1.64,od_pair+period,-5.1,-42.5,-5.6,-46.7,False,False
3.1,8.0,2.6,1.63,7_7,20.4,05:00,23.86482,90.40383,23.86806,90.40014,4.6,4.6,1.77,1.77,od_pair+period,-3.4,-42.5,-3.4,-42.5,False,False
3.1,48.1,15.7,9.99,7_7,16.9,06:00,23.81337,90.37603,23.78447,90.39753,33.2,28.0,2.11,1.78,od_pair+period,-14.9,-31.0,-20.1,-41.8,True,False
3.1,7.8,2.5,1.34,7_7,19.5,22:00,23.75684,90.41244,23.74869,90.40804,6.8,5.0,2.72,2.0,od_pair+period,-1.0,-12.8,-2.8,-35.9,True,True
3.1,7.4,2.4,1.16,7_7,20.4,05:00,23.78146,90.4255,23.78084,90.42116,4.7,4.6,1.96,1.92,od_pair+period,-2.7,-36.5,-2.8,-37.8,False,False
3.0,8.4,2.7,1.21,7_7,16.9,06:15,23.78925,90.36656,23.79672,90.36535,3.9,3.4,1.44,1.26,od_pair_only,-4.5,-53.6,-5.0,-59.5,False,False
3.0,7.9,2.6,1.11,7_7,20.4,05:00,23.72309,90.39257,23.72415,90.39592,4.5,4.5,1.73,1.73,od_pair+period,-3.4,-43.0,-3.4,-43.0,False,False
3.0,19.9,6.5,3.62,7_7,16.9,06:15,23.75187,90.36512,23.72627,90.37663,18.6,14.9,2.86,2.29,od_pair_only,-1.3,-6.5,-5.0,-25.1,True,True
3.0,7.2,2.4,1.13,7_7,20.4,05:00,23.79129,90.37719,23.78809,90.37592,4.5,5.3,1.88,2.21,od_pair+period,-2.7,-37.5,-1.9,-26.4,False,True
3.0,22.7,7.6,5.54,7_7,16.9,06:15,23.83018,90.42156,23.81698,90.43911,14.8,11.6,1.95,1.53,od_pair+period,-7.9,-34.8,-11.1,-48.9,False,False
3.0,8.3,2.8,1.69,7_7,20.4,05:00,23.74596,90.41295,23.74998,90.40882,4.2,4.5,1.5,1.61,od_pair+period,-4.1,-49.4,-3.8,-45.8,False,False
3.0,6.6,2.2,1.02,7_7,20.4,05:00,23.79672,90.36535,23.80296,90.36349,6.0,4.9,2.73,2.23,od_pair_only,-0.6,-9.1,-1.7,-25.8,True,True
3.0,47.3,15.8,10.07,7_8,12.5,22:00,23.72309,90.39257,23.76237,90.44231,44.3,34.7,2.8,2.2,od_pair+period,-3.0,-6.3,-12.6,-26.6,True,True
3.0,20.2,6.7,3.82,7_7,16.9,06:15,23.75869,90.42957,23.74512,90.4178,12.6,11.2,1.88,1.67,od_pair+period,-7.6,-37.6,-9.0,-44.6,False,False
3.0,6.3,2.1,1.06,7_7,19.5,22:00,23.78235,90.36729,23.78925,90.36656,7.4,5.0,3.52,2.38,od_pair+period,1.1,17.5,-1.3,-20.6,True,True
3.0,8.4,2.8,1.29,7_7,19.5,22:00,23.74528,90.43676,23.7371,90.43336,8.0,6.0,2.86,2.14,od_pair+period,-0.4,-4.8,-2.4,-28.6,True,True
2.9,27.1,9.3,6.2,7_7,16.9,06:15,23.7702,90.40846,23.76042,90.4368,21.8,17.2,2.34,1.85,od_pair+period,-5.3,-19.6,-9.9,-36.5,True,False
2.9,6.1,2.1,1.43,7_7,19.5,22:00,23.73992,90.42749,23.7481,90.42358,5.5,4.0,2.62,1.9,od_pair+period,-0.6,-9.8,-2.1,-34.4,True,False
2.9,9.5,3.3,1.76,7_7,19.5,22:00,23.72846,90.42407,23.72295,90.4315,8.8,5.5,2.67,1.67,od_pair+period,-0.7,-7.4,-4.0,-42.1,True,False
2.9,6.6,2.3,1.24,7_7,20.4,05:00,23.79351,90.37954,23.79055,90.37561,4.1,4.4,1.78,1.91,od_pair+period,-2.5,-37.9,-2.2,-33.3,False,False
2.9,24.9,8.6,4.76,7_7,16.9,06:15,23.7702,90.40846,23.78447,90.39753,16.3,11.2,1.9,1.3,od_pair+period,-8.6,-34.5,-13.7,-55.0,False,False
2.9,11.4,4.0,2.59,7_7,16.9,06:15,23.77431,90.41207,23.77938,90.40319,7.4,6.0,1.85,1.5,od_pair+period,-4.0,-35.1,-5.4,-47.4,False,False
2.9,22.9,7.9,4.74,7_7,16.9,06:15,23.72516,90.38388,23.70404,90.39636,19.4,10.7,2.46,1.35,od_pair_only,-3.5,-15.3,-12.2,-53.3,True,False
2.9,15.4,5.4,2.96,7_7,16.9,06:15,23.81988,90.363,23.82048,90.37395,7.9,7.7,1.46,1.43,od_pair_only,-7.5,-48.7,-7.7,-50.0,False,False
2.9,27.9,9.7,4.98,7_7,16.9,06:15,23.78424,90.42963,23.8111,90.42845,16.2,12.4,1.67,1.28,od_pair+period,-11.7,-41.9,-15.5,-55.6,False,False
2.9,16.0,5.6,3.04,7_7,16.9,06:15,23.75654,90.38049,23.74603,90.37134,11.4,11.2,2.04,2.0,od_pair+period,-4.6,-28.7,-4.8,-30.0,True,True
2.9,9.6,3.4,1.15,7_7,20.4,05:00,23.7339,90.42677,23.74169,90.43104,4.5,4.3,1.32,1.26,od_pair+period,-5.1,-53.1,-5.3,-55.2,False,False
2.8,28.8,10.1,9.1,6_6,17.8,06:15,23.79939,90.28045,23.79075,90.34871,16.6,18.4,1.64,1.82,od_pair_only,-12.2,-42.4,-10.4,-36.1,False,False
2.8,6.2,2.2,1.08,7_7,19.5,22:00,23.81496,90.43584,23.8236,90.43532,7.7,5.4,3.5,2.45,od_pair+period,1.5,24.2,-0.8,-12.9,True,True
2.8,20.5,7.2,5.26,7_7,16.9,06:15,23.82148,90.38389,23.82831,90.36383,11.9,11.2,1.65,1.56,od_pair_only,-8.6,-42.0,-9.3,-45.4,False,False
2.8,24.1,8.5,5.68,7_7,16.9,06:15,23.7702,90.40846,23.76265,90.43373,16.6,11.4,1.95,1.34,od_pair+period,-7.5,-31.1,-12.7,-52.7,False,False
2.8,8.1,2.9,1.36,7_7,19.5,22:00,23.74607,90.43695,23.73736,90.43919,8.5,5.8,2.93,2.0,od_pair+period,0.4,4.9,-2.3,-28.4,True,True
2.8,7.3,2.6,1.17,7_7,20.4,05:00,23.81356,90.43123,23.81031,90.42998,4.6,4.6,1.77,1.77,od_pair+period,-2.7,-37.0,-2.7,-37.0,False,False
2.8,23.2,8.2,5.11,7_7,16.9,06:15,23.80939,90.42857,23.83144,90.42467,14.1,11.3,1.72,1.38,od_pair+period,-9.1,-39.2,-11.9,-51.3,False,False
2.8,12.2,4.3,2.23,6_7,15.0,22:00,23.75037,90.34427,23.75466,90.35212,9.3,9.0,2.16,2.09,od_pair+period,-2.9,-23.8,-3.2,-26.2,True,True
2.8,20.4,7.3,3.24,7_7,16.9,06:15,23.79187,90.37488,23.78153,90.35198,14.8,11.0,2.03,1.51,od_pair_only,-5.6,-27.5,-9.4,-46.1,True,False
2.8,8.7,3.1,1.34,7_7,19.5,22:00,23.81175,90.36111,23.8036,90.35763,8.6,6.7,2.77,2.16,od_pair+period,-0.1,-1.1,-2.0,-23.0,True,True
2.8,7.4,2.6,1.28,7_7,20.4,05:00,23.73216,90.4311,23.73736,90.43919,3.6,4.0,1.38,1.54,od_pair+period,-3.8,-51.4,-3.4,-45.9,False,False
2.8,19.9,7.1,4.9,7_7,16.9,06:15,23.82426,90.38979,23.81661,90.36705,13.4,11.1,1.89,1.56,od_pair_only,-6.5,-32.7,-8.8,-44.2,False,False
2.8,8.5,3.1,1.37,7_7,19.5,22:00,23.78468,90.36802,23.79055,90.37561,8.2,5.5,2.65,1.77,od_pair+period,-0.3,-3.5,-3.0,-35.3,True,False
2.7,7.1,2.6,1.69,7_7,20.4,05:00,23.76535,90.35715,23.76232,90.35908,6.0,5.3,2.31,2.04,od_pair_only,-1.1,-15.5,-1.8,-25.4,True,True
2.7,40.7,14.9,14.65,7_8,12.5,23:00,23.7702,90.40846,23.82348,90.43985,28.6,23.5,1.92,1.58,od_pair+period,-12.1,-29.7,-17.2,-42.3,False,False
2.7,20.1,7.4,5.49,7_7,16.9,06:15,23.77287,90.42806,23.79018,90.42528,11.6,11.0,1.57,1.49,od_pair+period,-8.5,-42.3,-9.1,-45.3,False,False
2.7,8.9,3.3,1.35,7_7,19.5,22:00,23.75984,90.36433,23.76745,90.35886,10.7,6.3,3.24,1.91,od_pair+period,1.8,20.2,-2.6,-29.2,True,False
2.7,16.1,6.0,3.08,7_7,16.9,06:15,23.75285,90.38156,23.74162,90.37615,11.2,11.0,1.87,1.83,od_pair+period,-4.9,-30.4,-5.1,-31.7,False,False
2.7,8.6,3.2,1.39,7_7,20.4,05:00,23.7356,90.41432,23.73195,90.40826,5.0,5.3,1.56,1.66,od_pair+period,-3.6,-41.9,-3.3,-38.4,False,False
2.7,8.8,3.3,1.38,7_7,20.4,05:00,23.73912,90.41714,23.73524,90.41144,3.8,4.1,1.15,1.24,od_pair+period,-5.0,-56.8,-4.7,-53.4,False,False
2.7,11.2,4.1,1.58,7_7,16.9,06:15,23.81505,90.35919,23.81988,90.363,4.9,5.2,1.2,1.27,od_pair_only,-6.3,-56.2,-6.0,-53.6,False,False
2.7,12.3,4.6,1.61,7_7,16.9,06:15,23.74118,90.38705,23.74777,90.38363,5.8,5.6,1.26,1.22,od_pair+period,-6.5,-52.8,-6.7,-54.5,False,False
2.7,5.4,2.0,1.25,7_7,20.4,05:00,23.75466,90.35212,23.75727,90.36155,3.7,3.7,1.85,1.85,od_pair_only,-1.7,-31.5,-1.7,-31.5,False,False
2.7,24.0,9.0,5.74,7_7,16.9,06:15,23.8157,90.36663,23.83021,90.38717,15.9,11.8,1.77,1.31,od_pair_only,-8.1,-33.8,-12.2,-50.8,False,False
2.6,18.0,6.8,5.69,7_7,16.9,06:15,23.7702,90.40846,23.75536,90.38798,12.1,10.1,1.78,1.49,od_pair+period,-5.9,-32.8,-7.9,-43.9,False,False
2.6,7.3,2.7,2.09,7_7,20.4,05:00,23.7585,90.38311,23.75285,90.38156,4.4,4.5,1.63,1.67,od_pair+period,-2.9,-39.7,-2.8,-38.4,False,False
2.6,8.0,3.1,1.74,7_7,20.4,05:00,23.72948,90.43144,23.72846,90.42407,4.3,4.8,1.39,1.55,od_pair+period,-3.7,-46.2,-3.2,-40.0,False,False
2.6,72.8,27.7,23.43,7_5,17.8,22:00,23.7702,90.40846,23.83815,90.25165,105.4,73.3,3.81,2.65,period_only,32.6,44.8,0.5,0.7,True,True
2.6,8.5,3.2,1.53,7_7,20.4,05:00,23.7577,90.36505,23.75187,90.36512,5.8,5.7,1.81,1.78,od_pair_only,-2.7,-31.8,-2.8,-32.9,False,False
2.6,10.4,4.0,1.57,7_7,16.9,06:15,23.78486,90.43093,23.78911,90.43285,6.2,5.9,1.55,1.48,od_pair+period,-4.2,-40.4,-4.5,-43.3,False,False
2.6,10.0,3.9,1.61,7_7,16.9,07:30,23.70433,90.41464,23.70781,90.42369,13.1,19.9,3.36,5.1,od_pair_only,3.1,31.0,9.9,99.0,True,True
2.6,6.4,2.5,1.18,7_7,19.5,22:00,23.79351,90.37954,23.80158,90.3752,7.9,5.9,3.16,2.36,od_pair+period,1.5,23.4,-0.5,-7.8,True,True
2.6,8.4,3.3,1.62,7_7,20.4,05:00,23.78178,90.41358,23.77431,90.41207,4.9,5.3,1.48,1.61,od_pair+period,-3.5,-41.7,-3.1,-36.9,False,False
2.6,11.0,4.3,1.08,7_7,19.5,22:00,23.74767,90.43185,23.74169,90.43104,11.2,6.6,2.6,1.53,od_pair+period,0.2,1.8,-4.4,-40.0,True,False
2.5,21.7,8.5,5.8,7_7,16.9,06:15,23.85086,90.42173,23.86239,90.39768,15.2,11.0,1.79,1.29,od_pair+period,-6.5,-30.0,-10.7,-49.3,False,False
2.5,8.9,3.5,1.61,7_7,20.4,05:00,23.76242,90.35218,23.75466,90.35212,6.9,6.6,1.97,1.89,od_pair_only,-2.0,-22.5,-2.3,-25.8,False,False
2.5,8.9,3.5,1.92,7_7,20.4,05:00,23.73973,90.37228,23.74617,90.37427,4.7,5.6,1.34,1.6,od_pair+period,-4.2,-47.2,-3.3,-37.1,False,False
2.5,9.5,3.8,1.15,7_7,20.4,05:00,23.71193,90.43448,23.70453,90.43556,13.8,18.8,3.63,4.95,od_pair_only,4.3,45.3,9.3,97.9,True,True
2.5,7.8,3.1,1.54,7_7,20.4,05:00,23.78305,90.36854,23.77607,90.36777,4.8,5.5,1.55,1.77,od_pair+period,-3.0,-38.5,-2.3,-29.5,False,False
2.5,21.9,8.7,5.25,7_7,16.9,06:15,23.77131,90.39199,23.78305,90.36854,15.7,11.3,1.8,1.3,od_pair+period,-6.2,-28.3,-10.6,-48.4,False,False
2.5,22.0,8.8,4.3,7_7,16.9,06:15,23.74714,90.37358,23.73438,90.35839,13.5,11.6,1.53,1.32,od_pair_only,-8.5,-38.6,-10.4,-47.3,False,False
2.5,40.7,16.4,8.63,5_6,9.4,22:00,23.83815,90.25165,23.82869,90.30224,19.7,29.2,1.2,1.78,od_pair_only,-21.0,-51.6,-11.5,-28.3,False,False
2.5,8.2,3.3,1.36,7_7,20.4,05:00,23.74386,90.39186,23.74118,90.38705,4.7,5.2,1.42,1.58,od_pair+period,-3.5,-42.7,-3.0,-36.6,False,False
2.5,9.4,3.8,2.17,7_7,16.9,06:15,23.74905,90.38583,23.74386,90.39186,5.6,5.5,1.47,1.45,od_pair+period,-3.8,-40.4,-3.9,-41.5,False,False
2.4,6.1,2.5,1.96,7_7,20.4,05:00,23.76292,90.43194,23.76364,90.43238,3.4,3.4,1.36,1.36,od_pair+period,-2.7,-44.3,-2.7,-44.3,False,False
2.4,8.9,3.7,1.54,7_7,19.5,22:00,23.74649,90.3858,23.75474,90.3895,8.4,5.3,2.27,1.43,od_pair+period,-0.5,-5.6,-3.6,-40.4,True,False
2.4,8.0,3.3,2.06,7_7,16.9,06:15,23.73923,90.37562,23.7446,90.37271,5.6,5.1,1.7,1.55,od_pair+period,-2.4,-30.0,-2.9,-36.3,False,False
2.4,11.9,4.9,1.48,7_7,16.9,06:15,23.78911,90.43285,23.79409,90.43776,6.8,6.2,1.39,1.27,od_pair+period,-5.1,-42.9,-5.7,-47.9,False,False
2.4,7.9,3.2,1.63,7_7,20.4,05:00,23.75536,90.38798,23.74905,90.38583,4.9,5.3,1.53,1.66,od_pair+period,-3.0,-38.0,-2.6,-32.9,False,False
2.4,8.8,3.6,1.57,7_7,20.4,05:00,23.71811,90.39579,23.72309,90.39257,5.0,5.3,1.39,1.47,od_pair+period,-3.8,-43.2,-3.5,-39.8,False,False
2.4,23.3,9.7,5.75,7_7,16.9,06:15,23.7702,90.40846,23.76718,90.43222,16.1,11.2,1.66,1.15,od_pair+period,-7.2,-30.9,-12.1,-51.9,False,False
2.4,8.5,3.6,1.13,7_7,20.4,05:00,23.74169,90.43104,23.73331,90.43202,5.1,4.9,1.42,1.36,od_pair+period,-3.4,-40.0,-3.6,-42.4,False,False
2.3,9.3,4.0,1.48,7_7,19.5,22:00,23.80296,90.36349,23.81175,90.36111,10.0,5.0,2.5,1.25,od_pair+period,0.7,7.5,-4.3,-46.2,True,False
2.3,5.4,2.3,1.05,7_7,20.4,05:00,23.74878,90.38402,23.74673,90.38579,3.3,2.9,1.43,1.26,od_pair+period,-2.1,-38.9,-2.5,-46.3,False,False
2.3,8.6,3.7,1.95,7_7,20.4,05:00,23.7726,90.42256,23.77352,90.42725,6.4,7.5,1.73,2.03,od_pair+period,-2.2,-25.6,-1.1,-12.8,False,True
2.3,16.6,7.3,4.42,7_7,16.9,06:15,23.82462,90.4352,23.83144,90.42467,12.9,10.8,1.77,1.48,od_pair+period,-3.7,-22.3,-5.8,-34.9,False,False
2.3,23.0,10.1,5.52,7_7,16.9,06:15,23.80737,90.41769,23.81496,90.43584,15.4,11.4,1.52,1.13,od_pair+period,-7.6,-33.0,-11.6,-50.4,False,False
2.3,7.0,3.1,1.55,8_8,22.2,22:00,23.80902,90.43986,23.81862,90.43961,14.0,6.7,4.52,2.16,od_pair+period,7.0,100.0,-0.3,-4.3,True,True
2.3,20.5,9.1,5.65,7_7,16.9,06:15,23.83364,90.41666,23.81356,90.43123,15.7,11.7,1.73,1.29,od_pair+period,-4.8,-23.4,-8.8,-42.9,False,False
2.2,7.9,3.6,1.8,7_7,20.4,05:00,23.78486,90.43093,23.78397,90.42238,6.0,6.7,1.67,1.86,od_pair+period,-1.9,-24.1,-1.2,-15.2,False,False
2.2,4.6,2.0,1.05,8_8,22.2,06:15,23.82582,90.44056,23.81862,90.43961,4.3,4.4,2.15,2.2,od_pair+period,-0.3,-6.5,-0.2,-4.3,True,True
2.2,8.0,3.6,2.59,7_7,20.4,05:00,23.75639,90.38727,23.75167,90.3856,5.2,5.8,1.44,1.61,od_pair+period,-2.8,-35.0,-2.2,-27.5,False,False
2.2,8.3,3.7,1.73,7_7,20.4,05:00,23.78201,90.37298,23.78652,90.36597,7.9,6.7,2.14,1.81,od_pair_only,-0.4,-4.8,-1.6,-19.3,True,False
2.2,8.7,4.0,1.98,7_7,16.9,06:15,23.80613,90.38277,23.80045,90.37569,6.3,5.5,1.58,1.38,od_pair+period,-2.4,-27.6,-3.2,-36.8,False,False
2.2,6.6,3.1,1.44,7_7,20.4,05:00,23.78305,90.36854,23.78183,90.36555,4.9,3.2,1.58,1.03,od_pair_only,-1.7,-25.8,-3.4,-51.5,False,False
2.1,7.8,3.7,1.85,7_7,20.4,05:00,23.86176,90.40524,23.86239,90.39768,6.1,6.7,1.65,1.81,od_pair+period,-1.7,-21.8,-1.1,-14.1,False,False
2.1,9.0,4.2,2.48,7_7,20.4,05:00,23.77898,90.36182,23.77367,90.36174,6.7,6.8,1.6,1.62,od_pair_only,-2.3,-25.6,-2.2,-24.4,False,False
2.1,17.5,8.2,5.39,7_7,16.9,06:15,23.77552,90.38841,23.78201,90.37298,13.5,10.9,1.65,1.33,od_pair+period,-4.0,-22.9,-6.6,-37.7,False,False
2.1,9.3,4.4,2.55,7_7,16.9,06:15,23.7702,90.40846,23.76476,90.4144,6.6,5.9,1.5,1.34,od_pair+period,-2.7,-29.0,-3.4,-36.6,False,False
2.1,9.2,4.4,2.74,7_7,20.4,05:00,23.83325,90.41672,23.83144,90.42467,7.3,7.1,1.66,1.61,od_pair+period,-1.9,-20.7,-2.1,-22.8,False,False
2.1,10.2,4.9,1.71,7_7,16.9,06:15,23.78911,90.43285,23.79018,90.42528,6.9,5.9,1.41,1.2,od_pair+period,-3.3,-32.4,-4.3,-42.2,False,False
2.1,7.5,3.6,1.72,7_7,20.4,05:00,23.73886,90.41149,23.73195,90.40826,5.7,6.5,1.58,1.81,od_pair+period,-1.8,-24.0,-1.0,-13.3,False,False
2.1,10.3,5.0,2.15,8_8,22.2,06:15,23.74879,90.44652,23.75785,90.45098,7.4,6.5,1.48,1.3,period_only,-2.9,-28.2,-3.8,-36.9,False,False
2.1,7.3,3.6,2.55,7_7,20.4,05:00,23.78088,90.42444,23.77352,90.42725,4.7,5.2,1.31,1.44,od_pair+period,-2.6,-35.6,-2.1,-28.8,False,False
2.0,35.4,17.3,13.9,6_6,17.8,06:15,23.73543,90.34333,23.79939,90.28045,35.8,36.3,2.07,2.1,period_only,0.4,1.1,0.9,2.5,True,True
2.0,8.1,4.0,1.47,8_8,22.2,22:00,23.75748,90.44145,23.75785,90.45098,8.9,5.9,2.22,1.48,period_only,0.8,9.9,-2.2,-27.2,True,False
